wavenumber,mixed_spectrum
587,1.2458045307053078e-25
588,1.309791296058192e-22
589,3.321136182719287e-22
590,4.455846506876896e-25
591,7.407943431878939e-26
592,4.221564789728374e-25
593,2.946925766840091e-25
594,1.094514567921578e-25
595,1.0646532137295138e-25
596,1.8460724673044416e-25
597,6.743939304577053e-26
598,9.516434070235041e-26
599,4.034875747761261e-25
600,2.0712299350363426e-25
601,3.506958170914102e-25
602,2.709656428325054e-25
603,1.8339875862949206e-25
604,1.4054417011192694e-25
605,7.971653937241358e-26
606,5.643244838795219e-25
607,4.685543775812071e-25
608,6.581831243788062e-25
609,1.1590981461068585e-24
610,5.8909373520953e-25
611,5.994969737103346e-25
612,6.742112686766261e-23
613,1.4589399529920042e-25
614,2.601010684228633e-25
615,7.717312815458724e-25
616,1.1910023210822897e-24
617,1.3256318723298965e-24
618,4.457390356962233e-26
619,1.6351325325831228e-24
620,2.368152125328737e-25
621,1.2914130345184395e-24
622,4.288642588095958e-25
623,2.5487052899940105e-25
624,4.8986389145239767e-26
625,3.725355165341942e-25
626,2.849226665378153e-24
627,2.9822014385979113e-25
628,4.0643522866096425e-26
629,1.960641040283754e-24
630,1.4093992178364199e-24
631,4.40937548434549e-25
632,1.0805915982137655e-24
633,2.162382977232774e-24
634,5.497060804796487e-24
635,9.346355330698482e-25
636,7.334965649866367e-25
637,1.8142915127769497e-24
638,1.412824455207527e-25
639,9.742689382991685e-25
640,4.0044284268860846e-25
641,2.281173675679896e-25
642,7.59474620618516e-26
643,9.232830554298318e-24
644,1.3133832914282882e-24
645,3.499839306618489e-24
646,1.0462666911189492e-25
647,1.3609571580830551e-24
648,8.749999826152343e-25
649,6.530254664197437e-24
650,2.84533746344201e-25
651,5.250620305953026e-24
652,7.948663395519831e-25
653,2.513515641519184e-25
654,5.49028442806882e-26
655,8.979886461519608e-25
656,2.7858930115606056e-24
657,8.525322354909552e-25
658,1.0026832138762945e-23
659,2.6496761241616004e-25
660,1.4151439616298112e-24
661,2.6254023647830435e-25
662,1.7061917848662502e-24
663,1.1930451562826013e-24
664,1.5234542746854286e-23
665,6.812171331118168e-25
666,1.0569454464571392e-23
667,2.282713298089153e-24
668,8.252375418951644e-26
669,8.846823346810864e-26
670,3.333956167566074e-25
671,1.114964001956066e-23
672,5.940416740417767e-25
673,1.7512920122342927e-24
674,1.8184691974925295e-25
675,3.164919473431059e-25
676,9.298478250611471e-26
677,2.0926485955893834e-25
678,7.910955608040807e-26
679,4.59819074340564e-25
680,7.098061038379725e-25
681,2.6105609740827798e-24
682,1.6354650806527572e-25
683,4.130663107424464e-24
684,3.663084476322192e-24
685,2.1231652471823684e-23
686,1.803023049215747e-24
687,6.737613710644708e-25
688,2.749702082621949e-25
689,7.986683523439979e-24
690,1.7373694299883598e-24
691,5.233204041855588e-24
692,7.959125708384885e-25
693,3.415313567337041e-24
694,5.545454820878359e-25
695,6.791880767464462e-26
696,1.7619646455225478e-24
697,7.039972897693372e-24
698,3.9951066805469917e-25
699,1.0306690867637741e-25
700,2.665368930789026e-24
701,2.6413027705691614e-25
702,4.996432635522975e-24
703,4.9315501531654135e-24
704,2.418395248202535e-25
705,3.6278043021862715e-25
706,1.0214284041471046e-25
707,2.307955157619816e-25
708,2.1733555644886944e-24
709,3.69038766880943e-24
710,6.745394495159927e-25
711,4.810384225833149e-25
712,1.9693264818345167e-24
713,4.497707987176685e-24
714,1.7389968623172938e-25
715,3.528740187359411e-25
716,6.820895313114164e-25
717,5.684499228399032e-24
718,2.6065116059109623e-24
719,3.493872280423256e-25
720,1.1859533408224838e-25
721,7.96698756819656e-24
722,2.9356042269525345e-24
723,9.171945069179446e-26
724,8.908084116289407e-24
725,5.590746196668102e-24
726,3.4527546671441356e-24
727,5.632571781677837e-24
728,9.68288056673514e-24
729,3.395432979042575e-24
730,1.2903178909892898e-24
731,4.161747690955168e-24
732,1.3538944178702782e-24
733,2.9373895102062658e-24
734,1.2238774904978384e-24
735,6.631322360888584e-25
736,1.2006975572078034e-24
737,1.6050370655822072e-23
738,2.5424594569714847e-23
739,1.7655845035328927e-24
740,1.31214376453494e-23
741,8.69968810279338e-25
742,9.501843851987272e-25
743,7.773298015494234e-25
744,1.2905801440719451e-23
745,1.0216651581459089e-23
746,2.7854733561870484e-24
747,8.021057503858988e-25
748,5.0256890830304886e-24
749,1.8853196315980295e-25
750,2.4463831721778798e-25
751,3.5766691180747465e-24
752,1.312279474781615e-24
753,8.082375384541192e-25
754,1.0029754220487603e-24
755,1.5159739970786095e-25
756,5.688697554033776e-25
757,4.296565366512585e-24
758,1.1970793076030734e-24
759,6.131953415407944e-24
760,1.8406892755443135e-23
761,5.278162042856953e-24
762,1.9475440386834703e-23
763,1.4104379769939773e-24
764,7.520708912631126e-26
765,3.0143160492485533e-25
766,1.094520800316427e-24
767,2.4811855951365898e-24
768,3.1554557535678452e-24
769,8.248323165759228e-24
770,8.353171492490365e-24
771,4.509734596791561e-24
772,7.20968384279257e-24
773,2.1899272780708775e-24
774,7.0792800779607185e-25
775,3.2737620241411894e-25
776,1.789667455450001e-25
777,3.290739020426401e-25
778,8.383251946238234e-26
779,8.738695404978334e-25
780,9.690509621900147e-24
781,2.608188240781369e-23
782,1.2876393469946168e-24
783,2.9212904450296545e-24
784,2.3544600321546136e-25
785,3.497102606132043e-25
786,7.240918293521865e-25
787,5.26119569143594e-25
788,2.9123727389398864e-25
789,2.677001714130898e-24
790,5.480050531538932e-24
791,6.071971370592316e-24
792,4.622759473318016e-24
793,4.0246987830130346e-25
794,2.935779670802113e-24
795,1.530570404560948e-24
796,2.6803933795192355e-24
797,1.6667883043964251e-25
798,1.2413817064397324e-23
799,9.918429836292041e-24
800,9.471023950577231e-26
801,2.0274347689987426e-24
802,3.987956797311963e-24
803,8.314024970191383e-25
804,5.900173637979328e-25
805,5.396778625836903e-25
806,2.145792775546961e-24
807,6.411488865496562e-24
808,1.994635967304002e-25
809,1.5268180781826206e-24
810,7.592856874220761e-24
811,2.3337892510486306e-23
812,3.768249410548333e-24
813,1.2002259767565596e-24
814,1.7707380483199973e-23
815,6.282867384533601e-25
816,7.499992288662368e-24
817,5.753519474201275e-25
818,6.2845652510728315e-24
819,3.8495697004875275e-23
820,5.705830482578992e-24
821,2.027375794857601e-24
822,1.759646274515922e-24
823,3.9453339377911154e-25
824,3.6922393652991894e-25
825,2.187080192782372e-24
826,1.483692839571053e-25
827,1.2648157743749007e-24
828,5.8486496146489005e-25
829,1.663967235042043e-25
830,4.9348974789375586e-24
831,6.716156904766172e-24
832,3.76901531488107e-24
833,1.4738816891076876e-23
834,9.004085996466827e-25
835,2.934953459043653e-24
836,6.895554960994379e-25
837,1.717680791780117e-24
838,1.736651581412692e-24
839,7.663131044582051e-25
840,2.172488761898438e-23
841,2.4367015415419133e-25
842,4.942116289408327e-24
843,2.3067802108118907e-25
844,5.46413949541452e-26
845,2.525505064556409e-23
846,1.9637571511575926e-24
847,3.6553824281659536e-24
848,3.7327968740145244e-25
849,2.7679399227051485e-23
850,2.0360269670621e-23
851,7.472777507309334e-25
852,1.7007012913041015e-24
853,1.7237910658356296e-23
854,2.5287658898004098e-23
855,8.547507452267977e-25
856,8.315037800465326e-25
857,1.938915485883059e-24
858,1.5879419360552383e-23
859,2.6091624768707448e-23
860,4.040596600921336e-24
861,4.200464539278333e-26
862,1.387107194824972e-23
863,9.880030075005316e-26
864,1.911619290369248e-23
865,3.093195551753095e-25
866,1.3997603996565084e-25
867,8.722272644145072e-25
868,8.015571661586621e-25
869,1.5770757734701328e-25
870,2.4408603311011757e-24
871,1.794212915192477e-25
872,2.6278525781406422e-24
873,6.1260224875550744e-24
874,5.117353529815908e-25
875,4.403299102544597e-25
876,2.0112913809836216e-24
877,2.6334575006773325e-24
878,3.0522442985502596e-24
879,1.8407579099180432e-24
880,5.175549517515822e-25
881,3.2891367889063387e-25
882,1.849155995676458e-24
883,1.2555339627471634e-23
884,6.2579431181105855e-24
885,2.3896473298794485e-24
886,8.709189125479014e-26
887,1.6663923002141234e-25
888,8.380902761559959e-24
889,1.448230183587917e-24
890,9.953021601878439e-25
891,6.0062937865537265e-24
892,5.457972588941374e-26
893,4.680451763475106e-24
894,1.977685823551216e-24
895,8.935261122901117e-25
896,1.6630637699414036e-24
897,2.007526877618296e-24
898,1.6394049699008823e-24
899,1.4666395614462838e-24
900,6.31490574688134e-25
901,7.1337633695824565e-25
902,8.950720112372165e-25
903,7.504543582360708e-24
904,1.6112749279396852e-24
905,6.929024618826481e-26
906,2.7198346461825513e-24
907,2.4879287877468977e-25
908,1.3465550359695207e-24
909,1.345211764918562e-24
910,3.1708682963090803e-25
911,1.137778809522383e-25
912,1.3518735892144882e-24
913,2.4304600656358644e-24
914,6.163997154979562e-25
915,2.787417912370858e-25
916,1.249079201828191e-24
917,2.3521639908136826e-25
918,9.84392919814542e-25
919,2.790083668919651e-25
920,1.4539611280096907e-25
921,4.227008584595156e-25
922,1.0207472967701208e-24
923,3.142451626513502e-25
924,3.2436879482732265e-24
925,5.1387526526397125e-24
926,3.0017447202716085e-25
927,6.681380198258039e-25
928,1.7672857354724957e-24
929,2.4537069033742464e-24
930,3.361729191191827e-24
931,4.2333600588854974e-24
932,9.742260592165093e-25
933,9.34331210448918e-25
934,8.151722408311281e-25
935,1.1003423984727418e-24
936,2.673086921214761e-24
937,1.9413570397327852e-25
938,6.897636706851144e-25
939,5.663795160152438e-25
940,1.08105154937586e-24
941,1.5608307616647597e-24
942,1.932173114895267e-24
943,1.4557557711592307e-25
944,4.401286581628377e-25
945,2.9318946175670516e-24
946,2.1820803178713974e-24
947,1.362339880142955e-24
948,9.45746526388245e-25
949,1.821682971252394e-24
950,1.897792854222274e-24
951,1.7714356141217995e-24
952,9.34897903775664e-25
953,4.582339817130301e-25
954,1.4804297066329732e-25
955,1.8604909894557724e-24
956,1.3644787574306026e-24
957,6.197696060323775e-25
958,1.6913391311706427e-25
959,6.185763197269088e-25
960,1.054626999367429e-24
961,9.822537718084074e-25
962,1.0605985135455624e-24
963,1.4291576220246317e-24
964,1.3538709860270673e-24
965,1.281411537786488e-24
966,5.353791093251785e-25
967,1.2600477477319771e-24
968,1.1770470074803144e-24
969,1.0964216661068327e-24
970,1.6045771440175034e-25
971,9.01842283625946e-25
972,9.272555869535603e-25
973,6.93521558597882e-25
974,7.688136340246351e-25
975,6.950033222627686e-25
976,6.260033878074583e-25
977,6.184613207514908e-25
978,5.282050135168072e-25
979,4.694100422605101e-25
980,4.1109109768014283e-25
981,8.015309301357361e-25
982,3.4726291928817696e-25
983,3.094525719038714e-25
984,4.165030736086586e-25
985,5.214407909083238e-25
986,5.972494144432121e-25
987,3.4590794199936474e-25
988,1.759020397652676e-25
989,4.350210461289041e-25
990,3.9667584819986763e-25
991,3.9202923257228173e-25
992,3.800810863765802e-25
993,3.1780487767336247e-25
994,2.8114579616473387e-25
995,2.540040597624766e-25
996,2.214099231698656e-25
997,2.1353889161848386e-25
998,1.8729865144153854e-25
999,1.597567303844244e-25
1000,1.3925597917691056e-25
1001,1.3161421238585677e-25
1002,1.5313017700585869e-25
1003,1.4187743134941819e-25
1004,1.2816278142603569e-25
1005,1.2802823405878033e-25
1006,1.2683473986917748e-25
1007,1.275736167237937e-25
1008,1.2604071570824617e-25
1009,1.259643771338035e-25
1010,1.2960494333372651e-25
1011,1.243072665455923e-25
1012,1.2369205486116757e-25
1013,1.2282815786998846e-25
1014,1.4296048890800573e-25
1015,1.2182793316224258e-25
1016,1.2179020207094969e-25
1017,1.3222078665704162e-25
1018,1.208517877967038e-25
1019,1.1938743918837248e-25
1020,1.1860102210523432e-25
1021,1.1832112111074544e-25
1022,1.1768118629215703e-25
1023,1.651545080761057e-25
1024,1.5892376391822089e-25
1025,1.1844616362750346e-25
1026,1.1514434485077485e-25
1027,1.378914831321701e-25
1028,1.1418040622588913e-25
1029,1.137774887364416e-25
1030,1.259949970577626e-25
1031,1.1257953510411548e-25
1032,1.1203694594732042e-25
1033,3.033697470544075e-25
1034,1.1370558395208762e-25
1035,1.9324287531360132e-25
1036,1.8732093903309594e-25
1037,1.1692355648440876e-25
1038,1.0910224909686751e-25
1039,4.926741301595219e-25
1040,1.0819078428498842e-25
1041,1.0676005291753712e-25
1042,9.964375693079705e-25
1043,1.054535375963379e-25
1044,1.0625918704230479e-25
1045,1.183988983342029e-25
1046,1.059833502294142e-25
1047,1.233873488023197e-25
1048,1.2829783731612605e-25
1049,1.062057022582923e-25
1050,1.0145167717989032e-25
1051,1.6804333031936982e-25
1052,1.0013256257104408e-25
1053,9.985341164685783e-26
1054,1.0218462841087648e-25
1055,1.2181089637125091e-23
1056,2.125135245769477e-25
1057,1.8133393493082067e-24
1058,1.6835245597278352e-25
1059,9.577811691678156e-26
1060,1.204810319642662e-25
1061,1.0243172394984147e-25
1062,8.70203505073501e-25
1063,9.380566522381939e-26
1064,9.866296745200768e-26
1065,9.283962832922257e-26
1066,9.198707408812545e-26
1067,1.2159515783044687e-25
1068,9.052005732081151e-26
1069,9.066569360970077e-26
1070,1.0364808196393032e-25
1071,5.699131347518256e-25
1072,8.854266034576272e-26
1073,1.0004625832367701e-25
1074,5.286883680191942e-25
1075,8.67110522599633e-26
1076,8.667429609582922e-26
1077,8.574224050347713e-26
1078,1.1251286439182971e-25
1079,8.948310631525789e-26
1080,8.417593433467711e-26
1081,1.0421072437052741e-25
1082,2.827398344637846e-25
1083,8.824855073138856e-26
1084,1.9462656215747523e-22
1085,3.0990785779572635e-25
1086,5.736356877463486e-25
1087,7.990043919549348e-26
1088,7.932196488403381e-26
1089,3.767673703363798e-24
1090,4.6595462036644425e-25
1091,3.351527362267099e-25
1092,3.988938216673957e-23
1093,1.2834186992746908e-22
1094,9.555515327294338e-26
1095,2.419958396719639e-25
1096,1.2291925180071508e-25
1097,7.544933667701332e-26
1098,7.313399975255799e-26
1099,2.067924025448289e-24
1100,7.32851727725415e-26
1101,7.51207073117358e-25
1102,1.1371715183353623e-25
1103,1.500822783743418e-23
1104,1.8746709287382807e-24
1105,3.5112838453028915e-24
1106,8.867147765586698e-26
1107,7.5071280631447005e-25
1108,2.741912946386254e-25
1109,6.1265655149211155e-25
1110,1.595311423021563e-25
1111,2.5196942151680733e-24
1112,6.54089637999531e-26
1113,8.451660103001625e-26
1114,8.524755276706738e-23
1115,7.461915229735891e-26
1116,6.511758342786588e-26
1117,1.365974423285397e-25
1118,3.4598107696924715e-25
1119,1.3795132867442875e-24
1120,8.739078906953191e-26
1121,5.456507954528634e-25
1122,9.851462356377966e-25
1123,4.636905884562368e-23
1124,1.1045671481152905e-25
1125,7.161170345669979e-26
1126,1.5597005785479947e-25
1127,3.5365332443546274e-24
1128,4.087218846160654e-23
1129,8.019178221243488e-26
1130,8.525449806993187e-23
1131,1.7408683433581108e-25
1132,1.4169049127412226e-24
1133,5.044053723264886e-25
1134,5.207480194706426e-25
1135,2.5765861775280737e-24
1136,1.0275619359633032e-25
1137,1.5805755676955766e-23
1138,3.1085259004496164e-24
1139,2.7590290379269237e-25
1140,1.1804852125996136e-25
1141,7.870901691312526e-22
1142,4.7800324946646583e-26
1143,1.3518130715739974e-22
1144,1.4678489445356159e-24
1145,9.435705322418966e-25
1146,3.9068836903256384e-24
1147,8.204586895753206e-23
1148,9.032994142793361e-26
1149,1.6563876546661972e-25
1150,1.5074775528446518e-23
1151,8.880135129063821e-24
1152,4.6433996414871123e-26
1153,1.4834502699886103e-25
1154,5.9215963068597674e-24
1155,1.4357325129173847e-25
1156,4.727430475016894e-25
1157,1.1167849887355845e-25
1158,6.275326514806402e-26
1159,2.973903621255681e-23
1160,3.1119482826921964e-25
1161,5.20772450704514e-25
1162,9.470575752448666e-25
1163,2.632909407345518e-23
1164,1.7874911181901366e-22
1165,5.5573031219054565e-25
1166,1.1740584605888572e-25
1167,2.1051963398088026e-25
1168,3.841134531104549e-25
1169,5.774743367082477e-23
1170,8.992864562003773e-25
1171,4.769703470235178e-24
1172,3.8047095981703325e-25
1173,1.5102490790922199e-24
1174,1.5378784183797588e-25
1175,9.85986048141731e-25
1176,1.343001318421999e-25
1177,6.397465266663094e-24
1178,1.8943620840751933e-23
1179,4.0609080511686965e-22
1180,9.989089738418912e-26
1181,1.4378931184678303e-25
1182,1.7409248270551697e-25
1183,1.6630660900883103e-23
1184,2.4862468693243953e-25
1185,2.058110198486468e-23
1186,5.560680946477933e-25
1187,3.9567532208612414e-25
1188,1.8337407063398927e-24
1189,2.513011815870321e-22
1190,3.003449498776354e-24
1191,3.714687018524821e-24
1192,7.585311383269639e-24
1193,2.0199725163711773e-22
1194,6.224558684086304e-25
1195,8.005494321956933e-25
1196,3.5198972416635775e-25
1197,3.816633035363088e-25
1198,5.1963416813756695e-25
1199,1.583093569158602e-25
1200,3.874437008299613e-24
1201,4.665562857893257e-24
1202,8.873521286388362e-25
1203,5.081475001348522e-25
1204,6.423019211687765e-25
1205,1.2861340934484154e-23
1206,7.963791407444571e-25
1207,3.2556473822663317e-25
1208,1.8402171491090877e-22
1209,2.0011712873301823e-25
1210,2.090092683526636e-24
1211,2.018065003785334e-24
1212,1.1317415051311138e-24
1213,2.679639375936713e-24
1214,1.9372110037153982e-24
1215,7.452973072392351e-25
1216,1.7378249321052848e-24
1217,1.4982054005961444e-24
1218,1.091402864493155e-24
1219,1.5910775709007379e-24
1220,1.1498699074010147e-24
1221,1.3408742646687977e-24
1222,2.067129602359247e-24
1223,1.1396150617347582e-24
1224,2.0818928336439817e-22
1225,5.921212751736703e-24
1226,1.0261484703740563e-24
1227,4.583063942940481e-25
1228,4.305781965462186e-25
1229,2.3811650947230538e-24
1230,4.133593703973556e-24
1231,3.2639022996739073e-24
1232,2.1291438759337287e-25
1233,7.576398540976007e-23
1234,3.6751791354054185e-24
1235,1.5095580606606703e-24
1236,2.4774117061028554e-24
1237,2.3586526257739244e-24
1238,1.9835748441736278e-24
1239,6.338272399495449e-25
1240,3.522355349764887e-24
1241,1.4472722476299382e-25
1242,3.0544501175297096e-26
1243,1.8436330606036154e-24
1244,1.7183675699852893e-24
1245,1.0121817989438706e-25
1246,1.365977579657042e-24
1247,3.223990178194106e-23
1248,3.4197108086952375e-24
1249,1.9475018641559904e-24
1250,1.155998632891699e-23
1251,3.475434104214219e-25
1252,1.5089926860271362e-24
1253,9.44130427008419e-25
1254,2.358911110050986e-25
1255,5.143369151733829e-25
1256,9.366357426757337e-26
1257,8.455764565784842e-26
1258,1.1482845129141239e-24
1259,1.5031859997815555e-25
1260,5.890079705842408e-26
1261,3.967351846304541e-24
1262,3.815451811499175e-24
1263,1.3850457316873592e-25
1264,9.88768697315893e-25
1265,6.434473376412388e-25
1266,1.0855059336004294e-24
1267,1.791588969284391e-24
1268,6.890296897747062e-25
1269,1.0592600482123571e-25
1270,1.2722488003553652e-23
1271,1.1225166319163254e-24
1272,3.928194552060013e-25
1273,1.118583946470977e-25
1274,1.0741676922077102e-25
1275,4.415629053202298e-26
1276,1.6846643204403196e-23
1277,8.267464529445377e-25
1278,1.8044074125681224e-23
1279,3.054973320782142e-24
1280,2.127048203354806e-24
1281,2.874891208795582e-25
1282,1.3394783650368816e-25
1283,1.4598205594432413e-25
1284,2.5617329158042637e-25
1285,2.152724086895228e-23
1286,3.012096951776229e-25
1287,1.5141663145096943e-23
1288,5.967313285746174e-24
1289,3.854817340832131e-25
1290,5.3968926334479e-26
1291,6.242281140430613e-25
1292,2.5457299153190686e-26
1293,7.912716040154739e-25
1294,3.6768960242804884e-23
1295,2.2106520133925042e-24
1296,3.7764104717314586e-24
1297,1.775597369676521e-24
1298,6.060994397921467e-24
1299,1.6548441745563504e-25
1300,1.9169889957943673e-24
1301,3.611626633734428e-23
1302,9.292114611797641e-24
1303,3.98576372153845e-24
1304,1.8099815299895546e-25
1305,2.4615536796989887e-23
1306,4.1360753259814796e-24
1307,9.665055198055884e-24
1308,3.962088991395002e-25
1309,2.569348698121334e-25
1310,2.5208658768805324e-23
1311,1.0455110024015004e-23
1312,1.1382639305180368e-23
1313,9.50619035372033e-25
1314,3.6632539968216925e-24
1315,1.3865196933544664e-24
1316,2.9704065596851646e-25
1317,2.4975669492922864e-26
1318,1.7206342332654727e-22
1319,6.950382975308046e-27
1320,6.795531912471389e-25
1321,2.925432802737328e-26
1322,1.1254710896916046e-25
1323,1.8027192860143848e-23
1324,6.630929723247461e-24
1325,2.2856633991421057e-22
1326,2.428832649490802e-23
1327,1.6849134390197308e-23
1328,1.134998198989637e-23
1329,6.1079612168868084e-24
1330,1.4351016816946208e-23
1331,3.840414841611022e-23
1332,4.2260924637562376e-26
1333,2.8264700019373036e-23
1334,3.405460885896133e-24
1335,1.495216255265472e-23
1336,2.073672329681097e-22
1337,3.3193063465002036e-23
1338,1.368198688399725e-23
1339,4.215830569198397e-23
1340,4.173713739271921e-24
1341,6.4498034554902014e-24
1342,7.492200953497837e-24
1343,4.374895596868611e-25
1344,8.414713774533018e-24
1345,4.711725524478732e-25
1346,1.156350779815132e-23
1347,3.318167318435248e-23
1348,2.4874094457163976e-24
1349,3.5404261214859585e-24
1350,1.5126090576017318e-24
1351,3.171617107253527e-23
1352,3.307124656681164e-23
1353,8.557368953060754e-23
1354,1.039036973151637e-24
1355,2.838054548722235e-24
1356,2.5218020717661543e-23
1357,2.0137924188765806e-23
1358,1.2058984877659974e-23
1359,7.653134146589213e-22
1360,7.66034166782991e-23
1361,6.6005773930759546e-21
1362,4.671834497087263e-24
1363,7.136650825603884e-22
1364,1.3120853122144377e-23
1365,1.3814314778630492e-23
1366,7.582170724490165e-24
1367,3.39436544086165e-21
1368,1.4968706053589403e-20
1369,1.958901043298098e-23
1370,1.2981763763857494e-24
1371,5.157431006067337e-24
1372,2.4044747278151336e-20
1373,1.9463159610290406e-21
1374,4.998668719267357e-23
1375,3.4954541728925117e-25
1376,2.8068019652560658e-24
1377,3.2351001787588664e-23
1378,1.1490610685455051e-23
1379,5.907538181607676e-24
1380,2.9661570875575855e-24
1381,1.5886064232885773e-21
1382,5.020668682527428e-26
1383,2.295566478374825e-23
1384,1.336551133898711e-23
1385,3.5554428044514376e-21
1386,8.255581278633114e-24
1387,5.20811316618216e-24
1388,8.32369317049202e-24
1389,5.403042116893138e-22
1390,1.6249902567279292e-24
1391,3.956108183281408e-24
1392,6.370042589870087e-24
1393,5.4172822299268695e-24
1394,4.72842276040469e-23
1395,5.067021546130947e-24
1396,1.8832249756665445e-24
1397,2.1014191336632862e-24
1398,5.638622098111356e-24
1399,1.3654645605887203e-24
1400,3.902388260749216e-23
1401,8.259328904428325e-25
1402,1.0788997958168646e-25
1403,1.1320178642141885e-23
1404,1.541002530100816e-23
1405,1.5580384213956885e-25
1406,5.239528391328938e-26
1407,2.1821622207091368e-24
1408,1.4901795634273944e-24
1409,1.2645952647477595e-23
1410,2.0460117773852985e-25
1411,2.9323350916305172e-24
1412,2.0404292277624943e-23
1413,3.711583226680073e-24
1414,1.2652996934191456e-23
1415,1.7112035424267374e-24
1416,9.082155856185396e-24
1417,1.1465228290313903e-23
1418,7.902642472270472e-24
1419,7.438602982602361e-24
1420,2.3601759198588675e-25
1421,7.252256560231862e-24
1422,3.2108096019102605e-24
1423,3.831532247187184e-25
1424,4.2571860507281835e-26
1425,3.426625938852183e-24
1426,6.33661817265433e-25
1427,1.0852013723249036e-24
1428,6.645863572208462e-25
1429,3.591934478054626e-25
1430,3.010765241129824e-25
1431,1.5227673965285875e-24
1432,1.214204013072057e-25
1433,7.693525616528174e-24
1434,2.261363221264494e-25
1435,2.770116850145971e-25
1436,5.662177149859484e-26
1437,2.488872504919279e-24
1438,2.5742951781339917e-25
1439,9.074254044577679e-26
1440,1.7059133178695743e-24
1441,3.8006887993772494e-24
1442,2.55122180688913e-24
1443,1.5530024287095866e-25
1444,2.1772213878705375e-24
1445,3.766217897842485e-24
1446,7.146495120614321e-25
1447,4.1933331747413395e-24
1448,3.408077243817587e-24
1449,3.609930978442603e-25
1450,5.613451582282832e-25
1451,2.1267572219411304e-24
1452,1.1451346286894769e-24
1453,2.1794864058475836e-25
1454,1.6293200472373086e-24
1455,3.6203855207326e-24
1456,3.2605582119617975e-25
1457,4.610670868808954e-25
1458,1.1345303984783196e-24
1459,2.781907579461456e-25
1460,1.1599294486136476e-24
1461,3.27828182303687e-25
1462,7.848213071490591e-25
1463,1.1272292664382067e-25
1464,1.087440220858911e-25
1465,9.222496688811615e-26
1466,2.1002642851493172e-25
1467,8.926611573110694e-26
1468,1.1664090298166549e-24
1469,1.064294685616607e-24
1470,1.800782536314092e-25
1471,5.965034864700957e-26
1472,3.0259679918256282e-25
1473,1.792085875309602e-25
1474,6.565820076035895e-25
1475,2.9595142820434487e-25
1476,1.5154169524657762e-25
1477,4.0790789046316936e-25
1478,1.4823576262580927e-25
1479,8.972392806680483e-25
1480,1.296605407068312e-24
1481,9.37551834351066e-25
1482,5.635686767313028e-25
1483,9.42851889771256e-25
1484,2.211658943020896e-25
1485,1.0422715810899335e-25
1486,5.152086736648571e-25
1487,1.6173459375941401e-25
1488,7.900756234944188e-25
1489,1.5615414429361219e-24
1490,6.133768077015408e-25
1491,1.8225125650356478e-25
1492,1.6320827706831212e-25
1493,2.6855860113734107e-25
1494,1.0129805549569989e-25
1495,1.5149093110355795e-25
1496,1.3159810282906157e-24
1497,1.0359717611224058e-25
1498,2.246432283248158e-25
1499,5.4432586010048895e-25
1500,9.719186973394268e-25
1501,1.181610841975253e-25
1502,6.652290100559618e-26
1503,4.1340843567516106e-25
1504,1.9751688018621174e-26
1505,2.1784078951769822e-25
1506,4.4660204251839945e-25
1507,1.4508778486951054e-25
1508,1.2408282604576917e-25
1509,6.856525858058932e-25
1510,5.767032722039247e-26
1511,3.9827631360063095e-25
1512,7.622539167731426e-25
1513,5.223112327674466e-25
1514,5.26087678481081e-25
1515,2.790880712928879e-25
1516,1.889334551436037e-26
1517,5.723675005051565e-25
1518,3.187432222658805e-26
1519,1.149396484060776e-24
1520,2.5390698160456052e-26
1521,9.837801464048014e-26
1522,3.912253349336444e-26
1523,4.2229566399903513e-26
1524,1.0007989814754153e-25
1525,1.2357866007866316e-25
1526,1.1208225468521379e-25
1527,2.110244691958707e-26
1528,1.3845852810413769e-25
1529,3.0996833611453786e-25
1530,1.1335840940222469e-25
1531,7.153853447628051e-26
1532,5.578607467995674e-25
1533,1.3623698571734584e-24
1534,2.9566874182957823e-26
1535,1.1243191434721176e-24
1536,6.35696024314667e-25
1537,5.592969004861997e-25
1538,3.6232503825067886e-26
1539,1.6525281591751902e-25
1540,1.205787998499401e-24
1541,1.824224782721225e-25
1542,3.688650209387243e-25
1543,3.6076991946904737e-25
1544,4.658290544519223e-25
1545,4.0822711184356743e-25
1546,7.548467626120425e-25
1547,2.1712811594570574e-23
1548,8.81197307119837e-26
1549,6.657586512321019e-24
1550,3.269882596475315e-26
1551,7.064000170408129e-25
1552,4.7646811415338174e-23
1553,7.722222048677933e-24
1554,5.7114409362622066e-24
1555,2.2814487434787126e-26
1556,3.654379335958305e-23
1557,1.4677831242429804e-22
1558,9.105463947909342e-26
1559,8.907580229142323e-26
1560,1.0010268939802896e-22
1561,4.911965955283493e-24
1562,2.818998863200845e-22
1563,1.1992634991892384e-25
1564,1.0806332037766375e-25
1565,1.4699070953900347e-24
1566,3.415073463532721e-26
1567,5.846111656083894e-25
1568,4.872145360063403e-25
1569,1.7794231802525117e-22
1570,1.503177210970486e-25
1571,3.332126035063873e-25
1572,8.522343733006915e-25
1573,1.2859311023331186e-24
1574,3.25873325580994e-26
1575,1.1880665620969711e-21
1576,3.1653507301382222e-24
1577,5.410888488259546e-25
1578,6.85816589487102e-26
1579,6.700894159039547e-21
1580,1.4042802757199224e-22
1581,8.2701018457128e-23
1582,3.2444849498655538e-24
1583,5.136808437943934e-26
1584,5.881719614761088e-26
1585,4.739583540728347e-25
1586,1.2330926552081518e-22
1587,1.0709530944167005e-23
1588,4.2695370596233676e-24
1589,6.456035768337709e-24
1590,1.469522378221453e-23
1591,1.572433332873407e-26
1592,1.4153733500113822e-25
1593,8.103255317835306e-24
1594,3.5736863836618395e-24
1595,7.376544660945885e-22
1596,5.045455112240221e-23
1597,1.53527104752594e-22
1598,1.1022748525308617e-25
1599,3.5660641629030436e-24
1600,7.034418471513431e-24
1601,1.597960368375537e-23
1602,1.7470482696539273e-22
1603,1.4159713548483456e-23
1604,1.2901539838855847e-23
1605,6.967703417590755e-22
1606,3.2451702688239886e-21
1607,6.901743036612819e-22
1608,8.30057370307735e-23
1609,7.936748573672237e-26
1610,1.1720751119034205e-22
1611,8.341579320181625e-25
1612,1.856763121841384e-24
1613,6.10801978694856e-24
1614,9.09609201667136e-24
1615,2.2982016125910037e-24
1616,1.0574878786331953e-24
1617,5.24652085621959e-24
1618,8.670851573326575e-25
1619,4.458794458225771e-22
1620,2.8180896457846456e-25
1621,1.4942010788784802e-22
1622,7.31670360423407e-22
1623,6.758636421095906e-26
1624,2.6302605747729247e-21
1625,1.1883816217101213e-24
1626,6.724349802206503e-25
1627,4.67031078396379e-23
1628,4.1027795968994475e-20
1629,3.2113576138812432e-24
1630,8.167472070081086e-26
1631,4.509644206927716e-25
1632,2.0928678663470848e-23
1633,8.191291832645342e-23
1634,1.9607060857929558e-24
1635,1.7349329940161195e-24
1636,4.9402865113164904e-24
1637,3.0797869216862115e-23
1638,2.371672506598475e-23
1639,1.4990663303345127e-23
1640,1.2751035834733862e-25
1641,1.189704654719058e-22
1642,1.0351716520799902e-25
1643,5.510614551113554e-24
1644,1.7721399109075176e-23
1645,8.085503032843214e-21
1646,4.090477034836433e-22
1647,1.963272654201072e-24
1648,1.0649667409309706e-24
1649,3.798104938314629e-25
1650,2.0544927544511317e-25
1651,9.055558040047576e-25
1652,1.7722004291920668e-23
1653,1.0048418442867801e-24
1654,2.8610018172439312e-24
1655,1.2676177659831508e-24
1656,2.1917659448228358e-25
1657,4.675140712669731e-25
1658,5.333884779109195e-25
1659,9.438875522971096e-24
1660,3.549804158447919e-23
1661,3.482550678831759e-25
1662,1.493581913644821e-25
1663,2.45082173033119e-25
1664,8.07832357846036e-25
1665,3.625321134186868e-25
1666,9.14075848004188e-25
1667,7.737423342479506e-26
1668,1.1618953623346626e-25
1669,1.1298378364813986e-24
1670,3.836499358841179e-25
1671,1.3253645158572507e-24
1672,1.164688594544283e-24
1673,1.8058236925407379e-25
1674,3.3731982211600864e-25
1675,1.932887564474626e-26
1676,6.79634522784618e-26
1677,1.9195834086982326e-24
1678,5.841585477555158e-24
1679,4.162405443831693e-25
1680,1.029263881904969e-24
1681,3.1797377948146437e-25
1682,3.5545105238999317e-25
1683,4.590285346387833e-25
1684,2.634274322939982e-25
1685,4.749188879050199e-25
1686,2.6552244301701155e-24
1687,2.714039634072834e-25
1688,1.2555454889617136e-24
1689,4.065033553831958e-25
1690,2.037183274502448e-25
1691,1.6365838779252015e-25
1692,1.2028475638611546e-24
1693,8.524842401308871e-26
1694,5.696736153955431e-25
1695,2.0350505268298238e-25
1696,7.216546546102948e-25
1697,1.7358522674451804e-24
1698,6.002458835511737e-26
1699,8.625087688836192e-25
1700,4.7586253976200205e-25
1701,1.920352862943956e-25
1702,4.7416362417130315e-25
1703,2.4898836697418333e-25
1704,2.7144337034747963e-25
1705,4.111367140949895e-25
1706,1.1501037447701168e-24
1707,7.1908549325629545e-25
1708,2.8647809745158756e-25
1709,1.3301680370965103e-25
1710,9.83566078647824e-25
1711,2.6895953916488855e-25
1712,1.001675489567861e-25
1713,1.4308114002864875e-25
1714,1.7481730757273423e-25
1715,2.4921502073715843e-25
1716,2.961498970182174e-25
1717,3.5639857132200855e-25
1718,5.522120041260359e-25
1719,2.674260889437973e-25
1720,6.5026846717416875e-25
1721,2.14894267510234e-25
1722,1.0784210556120252e-25
1723,1.5666442926463206e-25
1724,6.331268154257725e-25
1725,4.775964373043932e-25
1726,6.874684768917977e-25
1727,9.964449329635461e-26
1728,6.404166509862321e-25
1729,1.9528238023506323e-25
1730,1.5165685565022514e-25
1731,9.617485169288957e-26
1732,2.7231758544079067e-25
1733,2.770613944497783e-25
1734,1.5958254850107864e-25
1735,8.399268459856907e-25
1736,2.2661895183423185e-25
1737,2.55360587601014e-25
1738,2.6888079916262116e-25
1739,2.3224183898213235e-25
1740,8.83656105110395e-26
1741,1.2419555757633983e-25
1742,2.914219690140542e-25
1743,8.80352418677692e-26
1744,2.109799897580326e-25
1745,9.274003196885097e-26
1746,1.0314138858835067e-25
1747,6.201799632464078e-25
1748,8.465362073169678e-26
1749,4.5825627016189806e-26
1750,3.475662078075953e-25
1751,1.0797863769775248e-25
1752,4.614127073756271e-25
1753,4.077299742241344e-25
1754,1.1574755688878242e-25
1755,1.2810387872994922e-25
1756,1.3343577253427438e-25
1757,6.721113204773324e-26
1758,8.442516277021056e-26
1759,1.57097874869741e-25
1760,2.2960928054248404e-25
1761,1.914705943087529e-25
1762,2.0912979440635703e-25
1763,8.53100276693889e-26
1764,5.85067272175206e-26
1765,9.779993153990964e-26
1766,7.690754570187838e-26
1767,8.270858199830128e-26
1768,1.0374880730799953e-25
1769,5.442903125611797e-26
1770,5.63953905821673e-26
1771,1.7954603461419019e-25
1772,1.7800437004647673e-25
1773,1.160843627895127e-25
1774,1.2255795286250996e-25
1775,1.8680490411827267e-25
1776,1.347739861912527e-25
1777,1.6338815008992338e-25
1778,1.3161170736139952e-25
1779,1.6230718615478623e-25
1780,1.320915910546388e-25
1781,1.4935100372491198e-25
1782,1.3452607342724947e-25
1783,1.488086005950529e-25
1784,1.133241631034506e-25
1785,8.978119975824644e-26
1786,8.632220499487934e-26
1787,1.2857007000964057e-25
1788,6.18095906670779e-26
1789,1.1934754359960847e-25
1790,5.669931149991738e-26
1791,8.821222690266802e-26
1792,6.017392028543745e-26
1793,6.563674388308516e-26
1794,8.559476870404513e-26
1795,7.746033679990078e-26
1796,8.045171679718116e-26
1797,8.189526159926537e-26
1798,6.454752162000574e-26
1799,7.416518733667796e-26
1800,8.226942153873031e-26
1801,8.164480948565696e-26
1802,7.764674928381798e-26
1803,7.550298065931331e-26
1804,7.742302577102044e-26
1805,4.642181465543446e-26
1806,6.092500612079432e-26
1807,5.0507063728109294e-26
1808,6.330480952431538e-26
1809,5.970933857479601e-26
1810,6.507484215188718e-26
1811,4.3944268603391513e-26
1812,7.365490467742411e-26
1813,6.004249950917202e-26
1814,8.264954042204424e-26
1815,4.8560721922415326e-26
1816,4.46611083529544e-26
1817,7.525821435042938e-26
1818,9.248274075129534e-26
1819,9.596665909359562e-26
1820,4.977020388131671e-26
1821,8.932300748084407e-26
1822,6.047302992433748e-26
1823,6.399610254109852e-26
1824,6.80802820772561e-26
1825,7.120170119702573e-26
1826,6.883238481283943e-26
1827,7.884669091108715e-26
1828,5.865910338215408e-26
1829,5.310829134785703e-26
1830,8.087614842354144e-26
1831,6.715241654801637e-26
1832,1.342241226223244e-25
1833,1.138511814256991e-25
1834,1.2215209576693295e-25
1835,6.311473514112636e-26
1836,1.2531206254108115e-25
1837,5.603844813850862e-26
1838,1.5711422862986822e-25
1839,1.1852207443939562e-25
1840,2.839885037530894e-25
1841,1.2380793317781683e-25
1842,3.084698678853155e-25
1843,2.156934363229017e-25
1844,1.1052994804545412e-25
1845,9.744074035621038e-25
1846,1.6224420351667707e-25
1847,1.1368416881377754e-25
1848,2.1174032032628696e-25
1849,7.70866198871042e-26
1850,1.3519596648766216e-24
1851,2.93266651496518e-25
1852,6.141543266097276e-26
1853,8.791065504691616e-25
1854,1.8866173581531623e-25
1855,1.4395219516153903e-25
1856,7.009612167160107e-26
1857,8.293258859010785e-26
1858,2.1075113613549393e-25
1859,1.3485780251005597e-25
1860,2.749604357053181e-25
1861,1.298371886000901e-25
1862,1.0995044143785357e-25
1863,5.47638390715485e-25
1864,6.414788220954262e-25
1865,2.676739430648416e-24
1866,4.624476075766342e-25
1867,1.6802426231960776e-25
1868,2.6014176316546616e-25
1869,2.93597999071413e-25
1870,1.1007742190242045e-25
1871,1.781408476186935e-25
1872,7.635891114832419e-26
1873,8.720728682314725e-26
1874,6.943752464741048e-26
1875,4.52941004723578e-25
1876,1.6329833150172384e-24
1877,7.886809905673912e-26
1878,5.083228474630704e-25
1879,3.638331914546744e-25
1880,1.5194052475620192e-25
1881,8.571183804490426e-26
1882,6.001142822625174e-26
1883,7.90414452660925e-26
1884,6.527050502821453e-26
1885,6.805279849851571e-25
1886,5.450951943488369e-25
1887,8.570393231695296e-26
1888,1.110518143621561e-25
1889,6.655666040586785e-26
1890,1.395229600751979e-25
1891,2.2529055169218948e-24
1892,2.427143714786163e-25
1893,2.7982255696425342e-24
1894,1.5364863633538308e-24
1895,2.148552745561067e-24
1896,2.1080467432055606e-25
1897,3.897391194673149e-25
1898,4.436231375340807e-25
1899,1.1026062668376585e-25
1900,1.3418666626051174e-25
1901,7.2054900964817255e-25
1902,8.111996690808172e-26
1903,3.035804948885056e-25
1904,7.18429079739068e-26
1905,2.591542579962939e-25
1906,1.900469816986594e-25
1907,1.5553873420891885e-25
1908,3.13042634335994e-25
1909,1.6436426999019116e-25
1910,1.7049831601672805e-25
1911,1.6892710147347489e-25
1912,1.3084536089508948e-25
1913,1.1465423175190487e-25
1914,1.039771725828312e-25
1915,9.969165395034533e-26
1916,7.676596627742249e-26
1917,7.141050413896714e-26
1918,7.334979681607802e-26
1919,9.987558724219597e-26
1920,1.0550644712763816e-25
1921,9.074749935961204e-26
1922,3.031268971901318e-26
1923,2.5296060185003277e-26
1924,9.40517652312808e-27
1925,2.7731715764077026e-26
1926,1.1561726275776124e-26
1927,1.6309439651559447e-26
1928,1.6862023013710876e-26
1929,1.3178461113156205e-26
1930,1.2022131083094767e-26
1931,1.345562584674421e-26
1932,1.5383051817819859e-26
1933,1.7294116973232705e-26
1934,1.7041066307861926e-26
1935,1.2932889076409646e-26
1936,2.3318137851698723e-26
1937,3.934888319468672e-26
1938,8.786395994607963e-27
1939,1.4510114793902954e-26
1940,8.413495444456507e-27
1941,3.992289754352881e-26
1942,5.411746298554914e-26
1943,7.36156333584261e-26
1944,2.851389043553449e-26
1945,3.261317504920968e-26
1946,2.636820284481283e-26
1947,5.169181081881653e-26
1948,1.2883310111021253e-26
1949,2.8600085243484166e-26
1950,3.560574510866798e-26
1951,4.958804659723499e-26
1952,8.653532797629176e-27
1953,5.1132815431236855e-26
1954,1.9070832077948917e-26
1955,3.9514354194800327e-26
1956,6.256890566643202e-26
1957,8.360270572961771e-26
1958,1.3397734191411786e-25
1959,6.190892262193154e-26
1960,2.138430511497488e-26
1961,1.3962303287845144e-25
1962,3.9261055397446615e-26
1963,1.3750253586714513e-26
1964,1.8191859766117714e-25
1965,2.6833619697803173e-25
1966,3.027694089367251e-25
1967,3.8798988649736243e-25
1968,1.4944169654591953e-26
1969,5.1524782912116684e-26
1970,1.8164290709411138e-26
1971,1.0558272053287595e-26
1972,3.498772928957479e-26
1973,7.392093563584532e-26
1974,1.2851188008266227e-25
1975,4.204127464735528e-25
1976,9.116255033973637e-25
1977,2.9540624512826893e-25
1978,1.9690005807010192e-26
1979,9.362547099023084e-26
1980,5.865876540225693e-26
1981,2.1708607165121205e-25
1982,1.1444843690782018e-25
1983,9.282210314364613e-25
1984,2.7354846554616245e-26
1985,9.341841935024193e-26
1986,3.3106499313721504e-26
1987,2.350172185012651e-25
1988,1.5294938630227806e-24
1989,5.273822482068365e-25
1990,9.0705717139728e-26
1991,1.0287104583840232e-25
1992,1.7111713783130193e-25
1993,9.387320372470765e-25
1994,8.880476112537288e-26
1995,5.524072318571792e-26
1996,9.774302297106918e-26
1997,4.308487839089208e-26
1998,2.818704887095102e-26
1999,6.126021011549278e-25
2000,5.261283476256562e-25
2001,1.5586350985813957e-25
2002,1.2847573723840735e-24
2003,1.7214986072653287e-24
2004,1.3730046139206166e-25
2005,2.012244519547076e-25
2006,5.928230111438781e-26
2007,9.685731046066434e-27
2008,1.988213308572936e-25
2009,1.676516583534716e-26
2010,5.159774615799497e-26
2011,5.939445492200887e-26
2012,4.3565550081850394e-26
2013,1.7960568107551657e-25
2014,3.914359792413739e-24
2015,7.280555469564803e-26
2016,1.5670815645123075e-25
2017,1.9560643949079512e-25
2018,7.023008250960468e-26
2019,9.80572024237328e-26
2020,7.807712982761375e-25
2021,4.615863844235879e-26
2022,6.587153306225865e-26
2023,5.381734030952345e-25
2024,1.6875765912493176e-24
2025,4.3531409890085173e-26
2026,2.094041632061175e-24
2027,3.606590919179058e-24
2028,1.0825731360958668e-24
2029,1.760429375616866e-25
2030,3.110759266914561e-25
2031,6.196797483605358e-26
2032,5.231100382965898e-26
2033,4.827339384639042e-25
2034,3.234841918441557e-24
2035,2.9586131906217337e-24
2036,2.1080513495109604e-25
2037,1.864834544229704e-24
2038,7.793154270155305e-26
2039,6.38500708153726e-25
2040,1.1675623337233482e-24
2041,2.4812787130937388e-24
2042,2.1472849797616313e-25
2043,1.0282425111501241e-24
2044,1.5106870519374887e-25
2045,1.223232164860158e-25
2046,2.8689819540280495e-25
2047,1.2552527690293146e-25
2048,3.573408786384437e-24
2049,2.888482741478047e-24
2050,6.243803751003807e-25
2051,9.468088174345077e-26
2052,2.3113109232685246e-24
2053,3.261205711002539e-25
2054,3.378295834416637e-24
2055,2.719237386954147e-24
2056,1.317974886807719e-25
2057,5.95607711205025e-26
2058,1.4087683718923078e-24
2059,2.5249208886693936e-25
2060,1.0475123283066723e-24
2061,1.8053100934984807e-26
2062,2.791274111160923e-24
2063,2.6727183009900565e-26
2064,3.860706187496402e-24
2065,3.752854960496983e-25
2066,2.518092620858409e-25
2067,3.86434159555131e-25
2068,1.7765260560217793e-25
2069,6.697425131472134e-25
2070,2.126498079959627e-25
2071,3.6277106881996655e-26
2072,3.16373301791861e-25
2073,1.1014827298327358e-23
2074,3.782719383109355e-26
2075,2.010268552485975e-24
2076,7.2733849584996945e-25
2077,9.026952779786406e-25
2078,2.728326209911826e-25
2079,7.526603863154258e-25
2080,1.3100833356169055e-23
2081,6.286695962620439e-25
2082,2.5986032620231907e-25
2083,2.738794159273037e-25
2084,1.1445937997083428e-23
2085,1.1114139795122891e-23
2086,6.044623801959469e-26
2087,1.3228078995412515e-23
2088,1.614404615692108e-26
2089,3.512606801954445e-25
2090,6.731868902307377e-26
2091,2.709629791102926e-25
2092,4.859604581230249e-25
2093,2.8079749477845327e-25
2094,5.0123503827084546e-26
2095,7.2536583993583e-26
2096,3.424893726459641e-26
2097,1.1410879696238942e-25
2098,1.568827780101361e-25
2099,9.526670488055656e-25
2100,8.328658854801472e-25
2101,2.232130119930711e-25
2102,1.5314183228352102e-24
2103,1.4221814432125496e-24
2104,3.771349159778452e-24
2105,2.9703898694188666e-24
2106,3.665102273272054e-24
2107,3.1638933547337846e-24
2108,3.1015040889908863e-24
2109,1.4266345564444858e-24
2110,3.057479940055477e-25
2111,4.043079580082801e-24
2112,3.294651035794661e-25
2113,3.148798272670529e-25
2114,4.151522908684073e-26
2115,3.252337914443847e-25
2116,2.911265038273042e-25
2117,8.947793416377005e-26
2118,6.083282693364048e-24
2119,2.64726411339144e-25
2120,6.393816698907326e-24
2121,4.406872483015822e-24
2122,2.097139057733504e-24
2123,1.8872850202270076e-24
2124,5.070366532579629e-24
2125,2.029626760744008e-25
2126,1.9277336994537252e-25
2127,1.0324157361143205e-24
2128,1.6214442302593693e-25
2129,3.1340707190342516e-24
2130,3.630440568597303e-24
2131,6.214231909977329e-25
2132,5.058363397994514e-25
2133,3.936746615154857e-24
2134,5.425399871697886e-26
2135,9.470123888725149e-26
2136,2.986488418287336e-26
2137,2.603853836893767e-26
2138,2.84347034070108e-25
2139,5.794538518831144e-25
2140,2.3980088164159752e-25
2141,1.0203581091502192e-24
2142,3.5003243098845528e-25
2143,4.181717021364655e-25
2144,1.914399555730418e-24
2145,1.6664826612012543e-25
2146,8.482676761056035e-25
2147,6.225597174333676e-25
2148,1.4717605134870341e-24
2149,1.450628049644244e-25
2150,1.317910250660296e-24
2151,3.9110700281246566e-24
2152,2.2335187075921223e-25
2153,5.449291649115527e-26
2154,3.0174764336115948e-24
2155,1.3443797232227248e-25
2156,6.526250519555341e-25
2157,3.727603896118682e-24
2158,5.280904558809732e-26
2159,4.892260632360038e-26
2160,2.6274312972827942e-24
2161,8.518837706582073e-26
2162,2.3357959525896742e-24
2163,9.293518840360748e-26
2164,1.8716024242081783e-24
2165,6.74621038758978e-25
2166,1.6968912935081458e-24
2167,8.266966478242908e-26
2168,2.0115008094505205e-24
2169,1.146374633493721e-25
2170,7.731075951728572e-26
2171,6.00745700116773e-26
2172,1.3190280184615577e-26
2173,1.6679896255289662e-25
2174,1.7521508341442678e-24
2175,7.721792186849554e-26
2176,2.662910676438157e-26
2177,5.97343543701612e-25
2178,1.8194945537453686e-25
2179,2.712268770043593e-25
2180,9.546852680796524e-26
2181,6.513406171064098e-26
2182,2.0409933272915775e-24
2183,1.6567226936350244e-26
2184,2.070767330923255e-24
2185,6.449581640740552e-26
2186,1.659319022604006e-24
2187,3.0944642078186775e-26
2188,8.092262803052442e-25
2189,1.3749547654349714e-24
2190,2.296128117174578e-26
2191,6.293686732711712e-25
2192,1.1837246145986895e-25
2193,2.7530777427405785e-26
2194,3.3389008193326536e-25
2195,5.509256787165563e-25
2196,1.0799737688180655e-25
2197,1.4724627780748876e-25
2198,1.6197429522278348e-24
2199,5.022862342738249e-25
2200,9.80620501173266e-25
2201,2.5118481874207784e-26
2202,9.070351621023429e-26
2203,2.2801062368507932e-26
2204,7.550846783217568e-26
2205,1.653271615405059e-26
2206,6.873521817796459e-26
2207,2.022814730388105e-26
2208,1.172775430682921e-25
2209,4.811989820752219e-25
2210,1.0730277633851201e-24
2211,9.056045677736372e-25
2212,2.6201276510959696e-26
2213,2.905607701127478e-26
2214,1.3156272395468789e-24
2215,4.647713753793122e-26
2216,7.221519032719081e-26
2217,6.290881493171209e-25
2218,5.029233569616283e-26
2219,7.975163775674446e-25
2220,1.0112789838204475e-26
2221,2.3684020439680566e-26
2222,1.639769351065688e-26
2223,3.056351059409756e-25
2224,1.0771579197589437e-25
2225,3.9455673303462543e-25
2226,2.6203083507890224e-24
2227,4.255943752792933e-25
2228,6.805621178354493e-25
2229,3.7368864047714657e-25
2230,7.846120449684053e-25
2231,3.2811755604245965e-25
2232,2.1318371123414183e-25
2233,7.1783532150077e-25
2234,1.9938498271159655e-26
2235,3.6159007737676885e-25
2236,8.930497194970186e-26
2237,1.0291282331602995e-25
2238,5.997602106664598e-25
2239,6.507271013007679e-26
2240,4.653787343833085e-25
2241,4.743477911332759e-25
2242,2.675948904128808e-25
2243,5.1120127772466025e-25
2244,4.85653128836821e-25
2245,4.007813430249457e-25
2246,4.481877302268778e-25
2247,4.364916167819822e-25
2248,2.7745419457216e-24
2249,7.26435504758353e-25
2250,2.0578663352467278e-25
2251,4.688396800697727e-25
2252,1.0053500307714156e-24
2253,1.7353317058332786e-26
2254,4.356997197720043e-25
2255,1.1177781356924765e-25
2256,2.0357798700122292e-25
2257,3.3117534193734133e-25
2258,6.720439099404517e-26
2259,1.4284467491386803e-25
2260,4.82573634804814e-25
2261,4.396027422135759e-24
2262,1.4553577326291984e-24
2263,2.7399269577396513e-25
2264,2.3822127874511154e-25
2265,3.483817877091241e-24
2266,1.1641149937875223e-23
2267,7.102597907633435e-25
2268,7.734140764269297e-24
2269,1.1336743410950726e-25
2270,3.0035764428067577e-25
2271,7.960942177234295e-26
2272,1.6176637350868528e-25
2273,1.250716072429632e-24
2274,8.810083584770389e-26
2275,1.7129451056212985e-24
2276,3.714533154263913e-25
2277,9.793881208337642e-26
2278,7.316645790884072e-26
2279,5.5219199725186e-26
2280,9.253750953966962e-24
2281,1.6755357722638112e-25
2282,1.7353118333716972e-25
2283,2.3017889553893584e-25
2284,3.6657525444609654e-25
2285,1.5346936888590707e-25
2286,1.2254200357234696e-25
2287,5.937653272993962e-25
2288,1.6669594101921923e-24
2289,5.686457950387431e-26
2290,2.0238803355638035e-24
2291,1.7742174234457813e-23
2292,1.5498711669621306e-24
2293,7.618548511341395e-25
2294,3.7690975679158906e-25
2295,4.656819664363859e-26
2296,5.010922602874209e-25
2297,6.810551638823244e-25
2298,3.279869489573243e-25
2299,4.182811031406611e-24
2300,2.0869867421773854e-25
2301,3.425929207495606e-24
2302,9.50911582313438e-25
2303,2.9729443804272526e-25
2304,1.0560142210746603e-23
2305,1.0061791009292072e-25
2306,9.512915212785128e-25
2307,1.1177346727995755e-23
2308,1.128598811666826e-25
2309,4.899997178898603e-25
2310,1.0259385089811149e-24
2311,3.3923610686179165e-24
2312,4.05632810448997e-24
2313,4.571477544458175e-25
2314,1.7395328683337293e-25
2315,4.207922881792144e-24
2316,9.121802814115347e-25
2317,4.002256088847712e-25
2318,3.673719316024547e-24
2319,1.1843889465088177e-23
2320,1.5940880824993534e-24
2321,2.2173166588651715e-24
2322,1.3668158087995304e-24
2323,1.30575922317665e-24
2324,2.8984099547073264e-25
2325,3.567165643613861e-24
2326,1.150608110394467e-25
2327,2.312906212902055e-24
2328,4.736589242275719e-24
2329,1.3019553442974816e-23
2330,1.4930379700357592e-25
2331,2.5732358658567736e-25
2332,1.8435076769682663e-24
2333,1.0678670172008173e-24
2334,1.9512490656929427e-25
2335,3.7322555188348e-26
2336,1.778710402756322e-24
2337,1.397134438168792e-25
2338,1.2653197072467793e-24
2339,1.4740162037461576e-23
2340,4.971256047592962e-25
2341,4.720278524250306e-24
2342,4.125858542101389e-24
2343,4.2523124079537975e-24
2344,2.3849158254157737e-25
2345,4.659555684044647e-25
2346,4.474057163721199e-24
2347,1.1754635122264634e-23
2348,4.554566521684475e-25
2349,2.3072347195684256e-25
2350,1.4626141655315742e-24
2351,1.8162581696613758e-24
2352,2.724568022777311e-24
2353,4.201405011313406e-25
2354,4.520360021830825e-25
2355,3.2720666725906745e-24
2356,3.566133803254372e-25
2357,7.619546080547433e-24
2358,5.0624340862983277e-26
2359,1.7160710404339685e-25
2360,7.321174028642949e-25
2361,2.7350165839744063e-25
2362,6.485776429511777e-24
2363,5.0186454031305633e-26
2364,7.104184341566492e-24
2365,2.082734105427139e-25
2366,1.5403084277422617e-24
2367,1.1778993436238575e-24
2368,8.43519058949879e-25
2369,3.746593465601487e-24
2370,9.301056242770281e-26
2371,1.102433114606839e-24
2372,5.3510862784571294e-24
2373,5.754303075327821e-25
2374,1.0704030789057831e-24
2375,1.582723360740026e-24
2376,3.1986614317723796e-24
2377,3.1395048102211397e-24
2378,1.7587150676239198e-25
2379,4.264704033733802e-24
2380,1.8094632937698676e-25
2381,7.100758854890905e-25
2382,9.964733296283357e-26
2383,6.521353305255726e-25
2384,8.812454055218236e-25
2385,4.447664109610524e-25
2386,4.904129380285225e-25
2387,4.081561418960223e-25
2388,8.381005779370624e-26
2389,2.0070708828862737e-25
2390,9.320094701820707e-26
2391,5.19891246414275e-26
2392,8.535616367788754e-26
2393,4.4779082060642336e-26
2394,3.7940378963103007e-26
2395,2.2907706961406452e-26
2396,2.210179557736576e-26
2397,2.260481457622298e-26
2398,2.2286934883160553e-26
2399,2.229246246054575e-26
2400,2.4274775451029952e-26
2401,2.3779051558080638e-26
2402,2.33596179961717e-26
2403,3.098177643167219e-26
2404,2.2273769819473886e-26
2405,2.54391107491422e-26
2406,2.3980763744165719e-26
2407,2.4687308732142328e-26
2408,2.203406300491689e-26
2409,2.2787987874500948e-26
2410,2.4994787793192147e-26
2411,2.2623363557369936e-26
2412,2.109937586896201e-26
2413,2.1124372335678574e-26
2414,2.7344830740406985e-26
2415,2.0970773585909793e-26
2416,2.15383654051473e-26
2417,2.3040364142135938e-26
2418,2.4422842753790746e-26
2419,2.1001284535118278e-26
2420,2.213188461251998e-26
2421,2.2562408019063274e-26
2422,3.110251845961296e-26
2423,2.1156333341279552e-26
2424,2.9514712580734825e-26
2425,3.334557843146448e-26
2426,2.148447135540036e-26
2427,3.215781202696313e-26
2428,3.388001043718354e-26
2429,3.44215703886076e-26
2430,5.727863941535267e-26
2431,2.3415224903215612e-26
2432,5.898770126073436e-26
2433,4.1800471095344546e-26
2434,7.610008637102992e-26
2435,5.451303258878741e-26
2436,1.1575367152908767e-25
2437,1.0042949593157007e-25
2438,2.1469834152805846e-25
2439,1.6299487751269218e-25
2440,6.450366624981573e-25
2441,5.825739269681115e-26
2442,5.23203693273599e-26
2443,1.4465801698084832e-25
2444,1.827661517512452e-24
2445,1.7045892023399116e-25
2446,3.415710150202437e-26
2447,1.404225425870749e-25
2448,1.3153067390375645e-25
2449,2.1432914971564531e-26
2450,3.486362373950156e-26
2451,4.507535167677469e-26
2452,2.0107716283773093e-24
2453,1.541516613636672e-24
2454,2.1638672836257726e-26
2455,3.4540426194282517e-26
2456,1.3425189500698696e-24
2457,1.9167674154343922e-24
2458,1.698492387762036e-23
2459,2.3447679808938416e-26
2460,2.589413347883911e-23
2461,1.986512860368329e-24
2462,3.377130682188793e-26
2463,5.699424014515763e-26
2464,2.141847789214261e-25
2465,2.0002806092974798e-25
2466,1.410409601014718e-25
2467,3.4072986444096797e-26
2468,1.3220098214960607e-25
2469,9.925470071799212e-23
2470,1.0335828254799071e-24
2471,1.6315335874270868e-23
2472,5.397068907088283e-25
2473,4.0139044990783896e-25
2474,2.077658670895061e-24
2475,7.192500067553439e-24
2476,2.5038498314608466e-24
2477,3.026029953932562e-23
2478,2.3643177444225477e-23
2479,1.662011378673342e-23
2480,1.9036708634868214e-23
2481,4.950414806782482e-26
2482,2.8379261743574724e-23
2483,1.362414491863584e-24
2484,6.09525627865124e-23
2485,1.6087582474856268e-25
2486,2.629697897149568e-23
2487,1.2880546784959493e-24
2488,7.654479948950396e-24
2489,1.1632043310917982e-23
2490,2.4277958804905443e-24
2491,3.420867347199887e-24
2492,1.1942748706414509e-24
2493,1.4057010415245989e-25
2494,3.203528590618855e-23
2495,9.506671810537092e-23
2496,2.3055227143997054e-22
2497,4.982172979669741e-26
2498,1.1319279327115863e-22
2499,6.232458882386108e-25
2500,1.0961947080499632e-25
2501,1.7493370194621008e-25
2502,5.88471616053348e-26
2503,6.330347849575945e-25
2504,2.2327140507152497e-23
2505,4.255426063666601e-25
2506,3.1959548614999374e-25
2507,1.8792739192323196e-25
2508,8.159481304895387e-24
2509,1.9935521023013836e-25
2510,2.9714951927717966e-24
2511,5.641526684767797e-26
2512,1.8662241211157572e-22
2513,1.170109799235078e-24
2514,4.5175637323737255e-25
2515,9.015032895196294e-25
2516,3.685634135606499e-24
2517,3.0867965610417984e-24
2518,3.1567836553201873e-25
2519,5.367863406133622e-23
2520,5.748270001673752e-25
2521,7.360895888676795e-25
2522,7.264663948555318e-25
2523,2.4034492418670636e-23
2524,2.457218066891597e-23
2525,2.8219672173714163e-25
2526,3.303915315469207e-25
2527,1.3460973177113643e-25
2528,3.4278338022064274e-25
2529,4.779660915170711e-24
2530,2.6156282970617622e-24
2531,2.4147743252330286e-25
2532,7.419691705506971e-26
2533,1.330877055809769e-25
2534,1.3824555714512895e-25
2535,2.5941722902236683e-25
2536,4.191444086971383e-25
2537,2.061151741543469e-25
2538,1.2996962960480816e-25
2539,1.272383292134132e-25
2540,5.51983136211766e-26
2541,1.1084365535415693e-25
2542,7.332573706917393e-25
2543,2.245933630313824e-25
2544,2.824145966742742e-25
2545,1.849820283567765e-25
2546,2.1330892734474695e-25
2547,2.8877243612299904e-25
2548,3.2822046073485096e-25
2549,3.1947545707455564e-25
2550,1.771095101524467e-25
2551,1.79193210273066e-25
2552,6.484633410802766e-26
2553,5.337491737423052e-26
2554,2.124472974335037e-25
2555,3.307847082403447e-25
2556,3.8565540323002495e-25
2557,1.881478359013925e-25
2558,3.6214907200143446e-25
2559,5.167873336793528e-25
2560,6.254202185392559e-25
2561,1.024293282267559e-25
2562,5.439282627944174e-25
2563,1.358687789358554e-25
2564,4.498770515633052e-26
2565,1.418455056768146e-25
2566,1.9256244403171812e-25
2567,8.96816675696932e-26
2568,1.5250272311249506e-25
2569,1.7129379006649172e-25
2570,2.317139395312308e-25
2571,1.2571642428777116e-25
2572,4.629528019540851e-25
2573,3.1709991923880423e-25
2574,4.649137227002264e-25
2575,7.003682243719598e-26
2576,6.227425725378969e-25
2577,4.885522986380287e-26
2578,1.4150349441461327e-25
2579,3.6141835494794793e-25
2580,7.126373504791824e-26
2581,1.5156712701909707e-25
2582,2.9008836121031266e-25
2583,6.86144800832611e-26
2584,3.286149069062935e-25
2585,3.3951808309356297e-25
2586,1.9448379539671658e-25
2587,4.665977403053009e-25
2588,3.57145886174516e-25
2589,4.930137898575239e-25
2590,8.248191244898271e-25
2591,6.407901600688605e-26
2592,1.2462562054050169e-25
2593,6.3170400101470515e-25
2594,1.072908940668605e-25
2595,5.501818457003131e-25
2596,4.827058324856432e-25
2597,4.0493331982606626e-25
2598,4.167105472693061e-25
2599,2.981707810763014e-25
2600,6.020647623570287e-25
2601,3.3022471437889017e-25
2602,3.2800358011684565e-25
2603,5.070693596283802e-25
2604,1.6045694521383411e-25
2605,2.140423141210317e-25
2606,7.880246730604114e-26
2607,7.485503449747071e-25
2608,1.2622036615775244e-24
2609,1.246883624700575e-24
2610,1.1216039679502558e-24
2611,1.0712664629496557e-24
2612,4.25254016754918e-25
2613,3.770074911639021e-25
2614,3.577015875516169e-25
2615,1.5725603254985613e-25
2616,1.495126786776021e-24
2617,2.6373203532010216e-25
2618,7.053712251436493e-25
2619,1.9765363965857817e-24
2620,3.919913609711643e-25
2621,6.681240205153092e-25
2622,1.6669786617268024e-24
2623,3.4828016732496843e-25
2624,3.284549195364338e-25
2625,1.8011286475552568e-25
2626,3.5851834516574945e-25
2627,3.746734662507708e-25
2628,1.1070951501462692e-24
2629,4.482622900353747e-25
2630,1.9314166461617107e-24
2631,1.716867225014071e-24
2632,8.157964485670284e-26
2633,9.857687463837702e-25
2634,2.14188480450609e-25
2635,1.8303037696617667e-24
2636,4.596977052284029e-25
2637,7.436391358519371e-25
2638,1.0981916435077496e-25
2639,1.0115590103357636e-24
2640,2.8052696129084146e-25
2641,6.062137824852653e-25
2642,2.250981331700549e-25
2643,6.571435841691558e-25
2644,1.024866327864295e-25
2645,9.126432962938359e-26
2646,8.742675868574583e-25
2647,4.92400523563428e-25
2648,5.635692890164318e-24
2649,7.40972889512389e-24
2650,3.6438678260107875e-25
2651,8.988468632846897e-25
2652,2.01555380585047e-25
2653,6.970090778388445e-26
2654,1.8366471950079348e-25
2655,6.012351534155104e-25
2656,3.859845951287246e-26
2657,1.2177429993313465e-25
2658,2.716612368702151e-25
2659,8.283493758324621e-26
2660,8.120200529645429e-25
2661,1.685765073195335e-24
2662,7.154268903529756e-25
2663,3.8605746197281346e-25
2664,5.750982422458002e-25
2665,6.062824337379376e-25
2666,6.41302855402478e-25
2667,1.9315518963614072e-24
2668,1.8698643509525498e-24
2669,8.28442101336646e-26
2670,7.096937857491486e-25
2671,5.9720097596234e-25
2672,7.531225235406619e-26
2673,5.293129613866153e-26
2674,1.1542305151395585e-24
2675,1.0370894169272982e-24
2676,9.820100684479235e-26
2677,1.4935745199618425e-25
2678,1.9477715912166526e-25
2679,3.878351709658249e-24
2680,8.172562823756292e-25
2681,4.106127583488594e-25
2682,3.887611006360626e-24
2683,4.035865102649687e-24
2684,2.9887123992989907e-24
2685,1.4603380343804376e-24
2686,3.94987577312914e-24
2687,1.2119387180149892e-24
2688,7.864241614532429e-25
2689,3.629768384145776e-25
2690,1.685892999065612e-24
2691,1.4622582519407382e-25
2692,1.3244961358754467e-25
2693,2.9139068885349328e-24
2694,1.0886725949503273e-25
2695,2.3672200434020357e-24
2696,1.2064240761181944e-25
2697,8.463790935991934e-25
2698,3.8261072700799046e-25
2699,5.525947047156335e-24
2700,3.6687914354351655e-24
2701,3.583173305613974e-25
2702,1.367114923564415e-24
2703,7.786416417726301e-25
2704,1.0150785180317275e-24
2705,4.0456788891413696e-26
2706,1.517014389481355e-24
2707,1.789614442419988e-24
2708,4.843847196423926e-26
2709,2.0550707597598293e-25
2710,9.314893296324168e-25
2711,4.730092089102988e-25
2712,2.587433893801061e-24
2713,3.8603225623837194e-26
2714,7.567017276109242e-25
2715,3.5525491198502376e-26
2716,3.2840134306511445e-25
2717,3.082589450159222e-24
2718,4.060807101906913e-25
2719,3.810369124174777e-25
2720,4.8380107891440205e-26
2721,9.639653982908333e-25
2722,1.1069912580430547e-24
2723,2.7983565746331796e-25
2724,1.9074447515036597e-24
2725,1.8626525306465374e-24
2726,1.361793614354771e-24
2727,5.55007820544552e-26
2728,1.9515454952957421e-25
2729,3.5818654992438828e-25
2730,9.657313716765416e-25
2731,4.808647233207399e-25
2732,1.4190761331996541e-24
2733,1.5737226013071963e-24
2734,1.8051180708656898e-24
2735,3.145857448557506e-24
2736,2.5404357177834115e-25
2737,1.4079245163577473e-25
2738,5.395696534989099e-26
2739,1.0978782376221738e-25
2740,4.23920762129164e-25
2741,1.701217159157357e-24
2742,7.430983514190002e-25
2743,1.6135797472859781e-24
2744,2.846191719335886e-25
2745,1.8616877859216508e-25
2746,1.0009296826929102e-24
2747,2.5699875463555236e-24
2748,1.3315052063842658e-25
2749,1.753679459224628e-25
2750,7.829925831436899e-25
2751,4.4850903549438636e-26
2752,2.1705997645228834e-25
2753,3.219010566954889e-26
2754,6.802087893498132e-26
2755,4.273410989301885e-25
2756,1.1295728720978225e-25
2757,1.4968657572014807e-25
2758,1.5381976744121079e-24
2759,1.5712848273073225e-24
2760,5.879091583106728e-25
2761,4.0237218483908544e-25
2762,1.7573220579618428e-25
2763,4.320266751325209e-25
2764,1.7115226946582553e-25
2765,5.469446568006738e-26
2766,1.1428149547592103e-25
2767,6.638331190466782e-26
2768,3.4235982724526956e-25
2769,1.6417218538841276e-25
2770,3.972524658149736e-25
2771,9.681606989818757e-26
2772,1.2892606552278886e-25
2773,2.635703718848197e-25
2774,2.295585841352303e-25
2775,1.071133291250514e-25
2776,9.750147979148076e-26
2777,1.1516674505934173e-24
2778,6.712575848419678e-26
2779,2.7108663844642104e-25
2780,2.278169903706627e-25
2781,6.943773958262144e-26
2782,1.2205376688175216e-24
2783,1.326135382174376e-25
2784,2.245867399446593e-25
2785,2.890842995507411e-25
2786,3.302078123509233e-25
2787,1.0440659052415885e-25
2788,5.05760745934183e-25
2789,3.9826566659805386e-25
2790,4.486282815303794e-25
2791,6.931352452463364e-26
2792,4.879488317877212e-25
2793,1.0937116688847203e-25
2794,2.874937309814703e-25
2795,1.0091347610601236e-25
2796,7.826596831559705e-26
2797,7.644384534757424e-25
2798,4.29723363940261e-25
2799,9.02426251105021e-26
2800,2.9589761649263127e-25
2801,2.599830911481851e-25
2802,9.900444982353919e-26
2803,1.1847545126330304e-25
2804,9.833057223864007e-26
2805,1.1908088357548055e-25
2806,3.5179636817088425e-25
2807,2.713504927129506e-25
2808,1.3739699319180627e-25
2809,9.742574539455776e-26
2810,5.846575545140546e-26
2811,1.8828765652334532e-25
2812,2.0042357714060953e-25
2813,1.7067779108818224e-25
2814,2.828609367807503e-25
2815,5.781207163776974e-25
2816,1.594830500778962e-25
2817,4.748446493738741e-25
2818,2.9989109321288253e-25
2819,1.8586047401667412e-25
2820,3.166639014154179e-25
2821,1.1242859891396645e-24
2822,4.535063721435222e-25
2823,3.0075925445937554e-25
2824,6.598538580942407e-25
2825,2.1048230554714223e-25
2826,6.066919389120071e-25
2827,3.847376985423659e-25
2828,3.3122080352514824e-25
2829,1.2731920997681052e-25
2830,1.0131764323681308e-24
2831,1.1110874037551e-24
2832,2.0946829199192937e-24
2833,1.4616395516362002e-25
2834,9.58129779447716e-25
2835,5.7583782604922326e-24
2836,9.220729812433412e-26
2837,4.783108408695092e-26
2838,1.1972858158011432e-25
2839,1.7367971588138033e-25
2840,3.6815078251624914e-25
2841,7.610856644109448e-26
2842,1.089072087705904e-23
2843,3.2941483462106584e-24
2844,1.8674317245081844e-24
2845,1.5194179401884966e-25
2846,1.9911026425918144e-24
2847,1.6951579552606485e-25
2848,1.9945557248958214e-25
2849,2.6245399288970744e-24
2850,7.371822106838341e-25
2851,1.833812763209906e-25
2852,8.956172948928729e-26
2853,1.0266335923880605e-24
2854,4.71717531552006e-26
2855,1.3656837761473309e-25
2856,1.7419458092891838e-24
2857,1.6953320242525847e-24
2858,3.7641616685478976e-26
2859,5.843120069127281e-26
2860,3.5936461594569295e-25
2861,9.737931818059345e-25
2862,4.386977610667097e-25
2863,1.7418060964957354e-25
2864,2.8119390466565103e-25
2865,7.541644342005923e-24
2866,6.408554794351383e-24
2867,6.990657464723718e-24
2868,7.76899778705476e-24
2869,3.521275497483474e-22
2870,9.261929520153657e-25
2871,6.493406379748319e-24
2872,3.4106646304686546e-25
2873,3.5834214126148015e-24
2874,3.8584924767473683e-25
2875,5.962953874361922e-26
2876,5.571072298267717e-22
2877,5.388117320819314e-24
2878,1.4702790405081593e-25
2879,2.1727959725808814e-25
2880,4.1549647156303804e-26
2881,1.2918133430373063e-22
2882,1.2408887834457747e-24
2883,2.9929665425479236e-22
2884,7.206640477655722e-24
2885,5.026131285666345e-24
2886,5.844105590881095e-25
2887,5.592162952316346e-26
2888,6.731727075904367e-22
2889,5.312347672073022e-22
2890,1.4019146491765494e-21
2891,1.7061910619521264e-22
2892,7.495741158577961e-22
2893,3.60692488372629e-25
2894,1.2229876137247283e-23
2895,1.4357943387175888e-25
2896,4.2307573069392e-23
2897,4.9626417483184657e-26
2898,5.452365282306318e-24
2899,3.4295675864474044e-23
2900,2.874256749514165e-26
2901,4.909914511128362e-23
2902,3.7799347015209545e-22
2903,2.4881731692462307e-23
2904,1.0247293172077778e-23
2905,1.6286229190870552e-23
2906,8.11267261055862e-23
2907,1.4799122237055467e-22
2908,3.402722281936888e-22
2909,9.14509858651809e-25
2910,5.555525748266955e-24
2911,9.484510584489043e-24
2912,9.39091912769283e-25
2913,2.96698134509127e-22
2914,3.553712582673929e-24
2915,1.0869836594394792e-22
2916,1.5938080819163812e-24
2917,1.1937338613705117e-25
2918,7.925387676899106e-23
2919,1.1482087381462812e-24
2920,1.165039528623751e-25
2921,7.372494204246975e-24
2922,3.2023500335734666e-26
2923,9.6080404587701e-26
2924,1.4366464778077495e-23
2925,2.3501578924954346e-25
2926,3.555575736566593e-23
2927,3.53792696366039e-23
2928,4.9882671474624764e-26
2929,4.474235665194711e-24
2930,1.2424744901134028e-24
2931,6.185243222429307e-26
2932,2.9194889413032057e-24
2933,2.8741970187923687e-26
2934,4.184121720614667e-25
2935,2.305942956856133e-23
2936,7.894619106676973e-24
2937,3.9855216793937025e-24
2938,7.279931163084068e-26
2939,4.7714347118820057e-26
2940,3.23527568439198e-26
2941,4.799413649136234e-25
2942,1.6049915595927285e-25
2943,2.5924295985761824e-25
2944,7.09763179517958e-26
2945,1.0073187994268846e-25
2946,6.797091826600559e-26
2947,2.8319443256439256e-25
2948,4.93808217873656e-26
2949,6.583675446684761e-26
2950,1.0073321287535048e-25
2951,7.592012976856791e-26
2952,3.9979318141521677e-26
2953,3.638169422444558e-26
2954,4.625259078683218e-26
2955,4.656870216412761e-26
2956,6.440618755999341e-26
2957,1.4440652347391145e-25
2958,1.6326014050682956e-25
2959,1.053547924007774e-25
2960,1.8624847942630185e-25
2961,1.4883087246941303e-25
2962,1.7494500074650533e-25
2963,9.206740353279631e-26
2964,1.4752531547219664e-25
2965,2.0141301623438508e-25
2966,4.0213995441337926e-26
2967,3.272663988080608e-26
2968,1.4485123437303898e-25
2969,1.0753382979402924e-25
2970,8.076644343053229e-26
2971,1.0133732208647721e-25
2972,7.677958333784956e-26
2973,6.33577111933017e-26
2974,5.990727364764375e-26
2975,3.27726443810937e-26
2976,5.752716463882172e-26
2977,3.2838843666473195e-26
2978,3.2861042365633625e-26
2979,5.742262464559636e-26
2980,3.300024982491265e-26
2981,4.8662964105632593e-26
2982,6.948657286232845e-26
2983,4.205535892049184e-26
2984,7.621449534608246e-26
2985,1.3820941339613786e-25
2986,4.657985297009732e-26
2987,9.58906911132971e-26
2988,4.690257903384406e-26
2989,7.554673398356549e-26
2990,7.753033411419464e-26
2991,7.872299023468612e-26
2992,6.332702135075705e-26
2993,2.9405926846429873e-26
2994,7.523606778372836e-26
2995,3.962543773564153e-26
2996,4.5440028594203995e-26
2997,5.401198907282598e-26
2998,8.27773141155265e-26
2999,3.0935088643716764e-26
3000,3.7668571747573804e-26
3001,2.649600788513713e-26
3002,1.0543834480453488e-25
3003,3.308794606534497e-26
3004,9.145981552768831e-26
3005,2.5169803431856414e-26
3006,2.2318231259640797e-26
3007,2.0936083619591046e-26
3008,2.6829735651012964e-26
3009,2.886467279977888e-26
3010,4.8485260572486873e-26
3011,5.609056328486256e-26
3012,7.530531063244964e-26
3013,6.43554498010577e-26
3014,3.810866342442863e-26
3015,1.5853255720572561e-25
3016,1.0353814450322828e-25
3017,7.253308199268065e-26
3018,2.938009990347721e-26
3019,8.416799232270065e-26
3020,6.345258722858013e-26
3021,1.4208800665042674e-25
3022,1.254687627901198e-25
3023,2.8272956901481033e-26
3024,1.1855256654945767e-25
3025,1.8575223972918721e-25
3026,1.240803487949633e-25
3027,1.680635016559777e-25
3028,6.777489575291033e-26
3029,1.6997836727104838e-25
3030,7.514549736782951e-26
3031,8.896488754729773e-26
3032,8.0816811064836e-26
3033,7.697907484186809e-26
3034,3.998382058366372e-26
3035,5.454240871273096e-26
3036,4.794613448927118e-26
3037,4.0041014432715053e-26
3038,3.8600723568216914e-26
3039,3.627277958386423e-26
3040,4.3561229753851605e-26
3041,7.744965283562561e-26
3042,3.5404309046670447e-26
3043,3.3638068822437877e-26
3044,4.7204185924257286e-26
3045,5.322267936819981e-26
3046,3.177449438115465e-26
3047,2.284027116928136e-25
3048,4.254527881612338e-26
3049,1.16239885353296e-25
3050,1.080100362481787e-25
3051,9.308346157028977e-26
3052,1.1334725009489036e-25
3053,3.4723072806478057e-25
3054,4.0228872255573046e-25
3055,6.833124280959123e-25
3056,2.3062297399918655e-25
3057,9.902148823670663e-26
3058,1.8951834545463988e-25
3059,5.742185227032338e-25
3060,1.0219002028281432e-25
3061,4.8584174593142245e-25
3062,8.064817202765077e-25
3063,2.59364025798489e-25
3064,8.970851681866475e-26
3065,9.47699862502412e-25
3066,4.4656715490023683e-26
3067,9.19924211556173e-25
3068,4.613494425183936e-25
3069,1.870217265758791e-25
3070,4.7760809278759977e-26
3071,1.4785283386750873e-25
3072,4.534502644697495e-26
3073,7.362398177509252e-26
3074,4.030694824931902e-26
3075,2.196923584611059e-26
3076,8.590205561149314e-25
3077,4.1304658931695423e-25
3078,1.108351392503526e-24
3079,1.0125050999664466e-24
3080,5.001960076353265e-24
3081,7.012030183921189e-25
3082,3.205315010272376e-24
3083,7.122363057175174e-25
3084,1.331359621478582e-25
3085,1.317931065805585e-25
3086,1.958073880102276e-24
3087,3.57303736170242e-24
3088,2.7134288301036733e-25
3089,1.8979397082535767e-25
3090,5.67187377919184e-26
3091,1.8393436391908902e-24
3092,1.0234002535001214e-24
3093,5.507601150379657e-25
3094,6.383829753796116e-25
3095,6.054526187083803e-26
3096,5.971644698465456e-26
3097,2.721815876900332e-25
3098,2.5826219233116766e-25
3099,4.707976806864515e-25
3100,1.5267260422545397e-25
3101,2.0350248112253747e-24
3102,1.0360190086113812e-25
3103,1.6165719073876848e-25
3104,8.418848016413512e-25
3105,6.414987608368127e-26
3106,2.3635442640652663e-25
3107,5.394617303917533e-24
3108,5.203341069595531e-25
3109,1.501570574688554e-24
3110,2.8827468069525795e-25
3111,5.312365709485104e-26
3112,9.687138752253165e-26
3113,2.091388108432324e-25
3114,1.9360126015804248e-24
3115,7.142169955836384e-26
3116,2.606727960060832e-24
3117,6.789697556414062e-26
3118,4.9648405036665803e-26
3119,1.2937157161911703e-25
3120,7.249174718491687e-25
3121,3.7210493339605916e-25
3122,5.100236518875369e-25
3123,5.965870065536982e-26
3124,5.134815707631527e-25
3125,3.859500982100296e-25
3126,2.989372134913612e-25
3127,5.284908231817981e-25
3128,1.8744920023528494e-25
3129,1.9644266307377263e-25
3130,6.229007273875945e-25
3131,1.6954141372399898e-25
3132,6.449334702417815e-26
3133,4.663784585203368e-25
3134,9.478794901125449e-26
3135,1.280885737174284e-25
3136,1.361209171411099e-25
3137,5.339661417197831e-26
3138,3.60470418424728e-25
3139,5.666002419936189e-26
3140,3.857904071779817e-25
3141,3.314604341182394e-25
3142,2.3457139437809562e-25
3143,8.480002653679064e-25
3144,7.425167380159431e-25
3145,1.410123398505486e-25
3146,6.382760714405647e-25
3147,3.80014677898514e-25
3148,1.2187630022678446e-25
3149,2.6363844161259965e-25
3150,6.1286841748022865e-25
3151,1.1986497763678497e-25
3152,3.712293546303731e-25
3153,1.7751470906736329e-25
3154,1.19367137373282e-25
3155,5.330463397970552e-26
3156,2.12642715770163e-25
3157,9.624244727957204e-26
3158,2.705470052410558e-25
3159,3.183181873817403e-25
3160,4.9060666386691256e-26
3161,7.249716157737818e-25
3162,1.1066644247363261e-24
3163,1.1971272867365156e-24
3164,4.883921807127507e-25
3165,7.919848350462199e-25
3166,8.984900261012004e-26
3167,3.272317806983144e-25
3168,1.9265315943323044e-25
3169,4.149003639963062e-25
3170,4.925471404898655e-25
3171,4.817330420030828e-25
3172,6.583306059478591e-25
3173,1.6812395432244209e-25
3174,1.314620257833831e-25
3175,1.5304182146580784e-25
3176,3.555456019718499e-25
3177,7.41794259368306e-25
3178,8.806880882235307e-25
3179,1.0695455855979414e-24
3180,1.3322196604500784e-25
3181,1.4535793705361666e-24
3182,9.5012422896533e-25
3183,9.154847492860567e-25
3184,3.336185996242974e-25
3185,5.485183608774262e-25
3186,6.601187119103898e-25
3187,2.8593127783578123e-25
3188,1.7467433513770778e-25
3189,1.3021551142839248e-24
3190,7.261319539302642e-25
3191,1.2487264965443243e-24
3192,9.65451774964692e-25
3193,2.4487198219679235e-25
3194,1.3685023618760231e-25
3195,1.0182820961582086e-24
3196,1.5359879034519165e-25
3197,1.3316197357998559e-24
3198,1.3763368634018245e-25
3199,1.2061392170780675e-25
3200,1.4052483399796444e-25
3201,1.3241342379720784e-25
3202,2.769162607095906e-25
3203,1.18241070477738e-25
3204,1.4522803729577405e-25
3205,1.56018366881951e-25
3206,1.306287382817442e-25
3207,1.7697004796405718e-25
3208,9.448542427941869e-26
3209,6.471388861241561e-25
3210,9.715470224240428e-25
3211,3.2591051081411108e-25
3212,1.1357938075105242e-25
3213,3.045592765872846e-25
3214,8.964582538870988e-25
3215,6.5005372879295095e-25
3216,6.081497077176998e-25
3217,1.450596303605099e-25
3218,2.493784862306655e-24
3219,2.873143211797532e-24
3220,3.677177485204268e-25
3221,6.951519848524663e-26
3222,2.2972705111068376e-25
3223,1.757239527398071e-25
3224,1.5708641050903596e-25
3225,1.6398226448830154e-25
3226,1.186676866985548e-25
3227,1.938517559318324e-24
3228,7.608262952997425e-25
3229,6.707237397396231e-25
3230,1.040280489766829e-25
3231,3.1617726659841013e-25
3232,1.0332154534665726e-25
3233,2.781684700865815e-25
3234,2.9609356532843737e-25
3235,1.0675552285095759e-25
3236,1.878750309518015e-24
3237,8.381787012395044e-26
3238,1.8869849227752667e-25
3239,1.082711148977095e-24
3240,2.92100008681612e-25
3241,7.469398212899688e-26
3242,5.699525844061113e-26
3243,4.5169386225166526e-26
3244,6.556582580977357e-26
3245,1.5604590680762135e-25
3246,1.6589367792006755e-25
3247,1.7805857310894935e-25
3248,1.3365885941214074e-24
3249,6.550399227807827e-25
3250,8.868580635726035e-25
3251,6.817877454770284e-26
3252,7.58365833512306e-25
3253,5.135463627635101e-26
3254,4.8587905385901734e-26
3255,1.4818860242948718e-24
3256,6.878013157108624e-26
3257,7.1132133690170795e-25
3258,7.6418316174321145e-25
3259,6.335822928755348e-25
3260,1.3640426348879759e-25
3261,4.6197384906462536e-26
3262,1.2353602494481513e-25
3263,1.3122925970678571e-24
3264,4.4791924890161124e-26
3265,3.8915492459485125e-25
3266,8.321436630671304e-25
3267,1.2267402660126471e-24
3268,1.1644863970973523e-24
3269,1.0360972560563256e-24
3270,3.5311447694515133e-25
3271,8.106461887752789e-26
3272,7.9330324305647185e-25
3273,1.564539954821178e-25
3274,2.6384876919456154e-25
3275,6.7506997693045e-25
3276,9.293066254510339e-26
3277,5.351525738149476e-25
3278,8.554301416511463e-26
3279,5.346235041118391e-25
3280,7.115528558570438e-26
3281,6.388004110623974e-25
3282,8.811085800594306e-26
3283,5.007412823044673e-25
3284,2.4722306850368543e-25
3285,2.442781710834278e-25
3286,6.942866134547876e-25
3287,2.9925178603352423e-25
3288,1.645834581876991e-25
3289,4.486230907948194e-25
3290,3.579081081801451e-25
3291,9.125611873734067e-26
3292,4.0713213827289047e-25
3293,4.758583229903932e-25
3294,2.696824275638977e-25
3295,2.096100665318264e-25
3296,2.977532807923011e-25
3297,2.7937239266387066e-25
3298,1.9154479508421645e-25
3299,5.580429468712315e-26
3300,2.541120534135894e-25
3301,2.5788567090021734e-25
3302,1.6950829477483785e-25
3303,2.205693640486815e-25
3304,1.2217009250832415e-25
3305,9.090555765589192e-26
3306,6.265565878158013e-26
3307,1.4076747921670833e-25
3308,1.8150596487183094e-25
3309,1.5387660444039778e-25
3310,1.096518828858246e-25
3311,6.461344354685768e-26
3312,4.885795531352679e-27
3313,7.316249290740739e-27
3314,8.83278307966132e-26
3315,8.423755484805543e-26
3316,7.527918316899952e-26
3317,7.125354258810307e-26
3318,2.4204901656816115e-26
3319,4.190896015858717e-26
3320,5.667195522844476e-26
3321,4.206407118080571e-26
3322,4.1614194909636924e-26
3323,1.6264439653245242e-26
3324,2.109366973837122e-26
3325,8.952271714444563e-27
3326,7.4728449310281e-27
3327,2.0443468484868116e-26
3328,5.874196072117892e-27
3329,5.3358767127841836e-27
3330,2.381426929240492e-26
3331,2.2872429728164457e-26
3332,2.081856613874702e-26
3333,5.290723117706282e-27
3334,2.365741842318769e-26
3335,5.468766761229026e-27
3336,6.189821553012341e-27
3337,1.0916834513697907e-26
3338,2.155851582464785e-26
3339,1.6725356486858087e-26
3340,1.1004865849972396e-26
3341,2.0371246828519066e-26
3342,9.758858834185644e-27
3343,9.993134299872552e-27
3344,1.0221484416306244e-26
3345,8.962916241153807e-27
3346,9.646133341534635e-27
3347,1.311304111279834e-26
3348,7.881671576273105e-27
3349,5.44954715790197e-27
3350,1.4264086366209853e-26
3351,1.2027331514206486e-26
3352,1.4176158071197638e-26
3353,1.626690240006843e-26
3354,1.6455933523157558e-26
3355,1.3228286532984283e-26
3356,1.2470986054606914e-26
3357,6.093114185056869e-27
3358,1.6445399921955722e-26
3359,2.0407922607482472e-26
3360,1.4695158934391671e-26
3361,8.444787534350199e-27
3362,1.1493416439503046e-26
3363,2.2253728976183643e-26
3364,1.0570540260230446e-26
3365,1.580643221277466e-26
3366,8.100468277133668e-27
3367,1.583055023363893e-26
3368,2.1441757193042428e-26
3369,1.3538669571800409e-26
3370,1.77351099544014e-26
3371,1.9176564867866426e-26
3372,1.7487810437181756e-26
3373,1.2995931000651864e-26
3374,1.5047791953646746e-26
3375,5.279919101098917e-27
3376,2.688545939987611e-26
3377,4.272036292396308e-26
3378,2.8549715061544574e-26
3379,2.6022490900745807e-26
3380,1.46537444336248e-26
3381,2.6735185008885566e-26
3382,2.663621697139449e-26
3383,9.125396705594954e-26
3384,1.066245235369344e-26
3385,2.756006787943943e-26
3386,2.3822224710032492e-26
3387,1.4483278293291087e-26
3388,9.642460370147019e-27
3389,8.738072419021239e-27
3390,9.592708446712662e-26
3391,4.712928683396083e-26
3392,3.6896639472472454e-26
3393,3.3417237916051957e-26
3394,4.894098247870782e-26
3395,1.0108352770528749e-26
3396,2.5483052825786184e-26
3397,4.910142091678926e-26
3398,5.780930702545507e-27
3399,9.170695273360489e-27
3400,3.569509684879804e-26
3401,2.7924247785895405e-26
3402,4.1576265308121074e-26
3403,7.976723616800118e-26
3404,8.486419025794438e-26
3405,7.683130172137204e-26
3406,1.0161200495289586e-26
3407,3.291667201379419e-26
3408,8.857422243255606e-27
3409,1.1080738170978797e-25
3410,3.629243818344787e-26
3411,1.3536935963324102e-26
3412,3.435540649729738e-26
3413,1.18296731760342e-25
3414,1.1111574305548504e-25
3415,4.0996749011202307e-26
3416,1.2391842193301113e-25
3417,1.9089480221422328e-26
3418,1.9310068416363098e-26
3419,1.775250823080906e-25
3420,4.301146502228799e-26
3421,1.0679253185380308e-25
3422,8.371557348711817e-26
3423,1.1839281282402524e-25
3424,1.218678452761004e-25
3425,1.0141206199400422e-25
3426,4.894131476401695e-26
3427,1.083909180398591e-26
3428,3.013529394528175e-26
3429,3.70567901962503e-26
3430,3.1650215486083925e-26
3431,1.464050132461505e-26
3432,2.0796465808729396e-26
3433,3.768573583402175e-26
3434,3.865594410240068e-26
3435,6.3100649557767664e-27
3436,2.142004194100451e-25
3437,8.291586636754776e-27
3438,2.9819877995742726e-26
3439,1.4235777082073038e-25
3440,6.888428273188929e-26
3441,2.1678078454952984e-26
3442,3.5582571659559054e-26
3443,3.5276061902662063e-25
3444,8.099536190904623e-26
3445,2.67621439862789e-26
3446,4.2355036083560173e-26
3447,4.822343244713821e-26
3448,6.807201745337835e-26
3449,1.5906808195308702e-25
3450,1.2989388788983599e-25
3451,3.13583002114567e-26
3452,2.5521474133651335e-26
3453,1.930467673769877e-26
3454,1.0985042657864332e-26
3455,2.5582095428950968e-26
3456,5.113173773819001e-26
3457,9.18627128290888e-26
3458,9.654395569970901e-26
3459,5.264994463298635e-26
3460,1.2607227542420455e-26
3461,5.3764263706682e-26
3462,1.4288602251859286e-26
3463,1.850896644505759e-25
3464,7.67267898119477e-27
3465,3.027503008684529e-26
3466,9.013919849215195e-26
3467,1.2729042645572177e-26
3468,9.628931135900687e-26
3469,4.573954117919917e-26
3470,3.422744773344072e-26
3471,3.3818539021537315e-26
3472,7.967575104961769e-26
3473,1.5165059095150674e-25
3474,3.158472310463268e-26
3475,1.6094673155466432e-26
3476,9.507179885028994e-26
3477,2.4368501699857395e-26
3478,1.4195849596248453e-26
3479,2.125467169970308e-26
3480,1.15535930843985e-25
3481,5.434279508619681e-26
3482,2.7365511876533326e-26
3483,4.28539177122316e-26
3484,1.6990419390392092e-26
3485,1.207619232318835e-25
3486,4.9136087749821093e-26
3487,1.7407312845014907e-26
3488,4.4981267178506325e-26
3489,1.0319359999393631e-26
3490,4.339253569927762e-26
3491,9.833800044128753e-27
3492,1.2743580222108689e-26
3493,1.3751669874916077e-26
3494,1.7310273843056674e-26
3495,1.2926088882434785e-26
3496,9.169684654489648e-27
3497,3.4957882923958715e-26
3498,8.22756267790138e-27
3499,7.729232526958442e-27
3500,8.473977171095909e-27
3501,4.342718170628754e-26
3502,2.924172246923793e-26
3503,1.5875740258584278e-26
3504,3.921675064586621e-26
3505,2.4105142726191045e-26
3506,1.6803293294263367e-26
3507,3.0394148496323437e-26
3508,2.1160178424260157e-26
3509,2.367246061815445e-26
3510,2.845508249821928e-26
3511,2.423440687973385e-26
3512,2.1508432658797522e-26
3513,1.7185637598078395e-26
3514,1.680210835613693e-26
3515,1.8240044907909398e-26
3516,1.7674776899620814e-26
3517,1.4130576393680543e-26
3518,1.7233392393881728e-26
3519,1.6666632120487033e-26
3520,1.326868646174346e-26
3521,1.5839813702498526e-26
3522,1.3052816399474716e-26
3523,1.2394345899620099e-26
3524,1.1675297460845498e-26
3525,9.716405665673755e-27
3526,1.0247133256288121e-26
3527,9.347846813216459e-27
3528,8.903365291806439e-27
3529,8.548171365868009e-27
3530,8.508067206029743e-27
3531,8.59177474050455e-27
3532,8.675482274979353e-27
3533,8.759189809454156e-27
3534,8.842897343928962e-27
3535,8.926604878403767e-27
3536,9.010312412878572e-27
3537,9.094019947353375e-27
3538,9.17772748182818e-27
3539,9.261435016302985e-27
3540,9.345142550777788e-27
3541,9.542290406596135e-27
3542,9.760619988731389e-27
3543,9.814373694964442e-27
3544,9.792150935794581e-27
3545,1.0928577783197599e-26
3546,1.2065004630600616e-26
3547,1.3201431478003633e-26
3548,1.4337858325406647e-26
3549,1.547428517280967e-26
3550,1.6610712020212681e-26
3551,1.7747138867615704e-26
3552,1.888356571501872e-26
3553,2.001999256242174e-26
3554,2.1156419409824756e-26
3555,2.229284625722777e-26
3556,2.342927310463079e-26
3557,2.4565699952033802e-26
3558,2.5702126799436822e-26
3559,2.683855364683984e-26
3560,2.797498049424286e-26
3561,2.9111407341645876e-26
3562,3.076538960765489e-26
3563,2.598327064149969e-26
3564,2.560449084556897e-26
3565,3.0937988955557316e-26
3566,2.36680281107989e-26
3567,4.5841680335950155e-26
3568,3.3724568638933144e-26
3569,3.5830094577445543e-26
3570,8.359901480965418e-26
3571,3.334220827137163e-26
3572,4.4241472621392936e-26
3573,8.43360797919732e-26
3574,8.263038072755134e-26
3575,4.209556527553668e-26
3576,7.695640936174481e-26
3577,1.118103495394322e-25
3578,5.405215584095694e-26
3579,8.018304344102786e-26
3580,6.413609561023009e-26
3581,1.4414133897575198e-25
3582,2.355931830408597e-25
3583,3.289638248688274e-26
3584,5.160087653643755e-25
3585,2.277110706461492e-25
3586,4.791489633689041e-25
3587,1.6877127492643332e-25
3588,4.201369407074996e-25
3589,2.993689942622961e-25
3590,5.3270541717662455e-25
3591,2.3070357336150387e-25
3592,7.339793582238293e-25
3593,1.2671604847030367e-26
3594,4.900483305417529e-25
3595,1.1550809057071947e-24
3596,3.4315054971637816e-25
3597,5.29536222581575e-25
3598,3.0290193662823394e-24
3599,6.3929816706402545e-25
3600,1.1907892146564668e-24
3601,3.0103941323895515e-25
3602,1.070374953983112e-24
3603,3.227483732295499e-24
3604,4.955444406905337e-25
3605,1.0929215345676018e-25
3606,3.4123793520301045e-24
3607,1.6833496742724836e-24
3608,6.810037489790652e-25
3609,1.4444578086584782e-24
3610,5.696464614900352e-24
3611,2.7062001033179497e-24
3612,5.511938745414988e-24
3613,3.724405417812388e-25
3614,1.3008082068264358e-24
3615,1.3405033446303767e-24
3616,2.6386501974491823e-24
3617,1.443409326225403e-25
3618,4.074194408272789e-26
3619,6.350941354589106e-24
3620,2.1904065520971163e-24
3621,4.311765328768738e-24
3622,1.3316731678819628e-24
3623,6.661508981576782e-24
3624,3.7230343754576955e-24
3625,8.910190352836083e-24
3626,7.922618887921119e-24
3627,6.983966232103073e-24
3628,6.966186353707294e-24
3629,1.8568319350592518e-24
3630,4.8451858760554915e-25
3631,3.130550932829739e-26
3632,5.692681340918855e-24
3633,2.0046342257587965e-26
3634,5.003052785247357e-25
3635,1.522844759397541e-25
3636,3.771496326378479e-24
3637,1.4932548954197988e-25
3638,8.988793381521798e-25
3639,4.163671708581768e-25
3640,1.6620082875761643e-25
3641,4.542057104225604e-25
3642,1.171578014938453e-24
3643,4.5141333643319324e-24
3644,1.056987591313783e-26
3645,3.742263379677404e-24
3646,2.37164198689181e-24
3647,1.2959425914558865e-24
3648,1.1686158634782057e-24
3649,1.6929335114371124e-25
3650,1.995425580947666e-25
3651,8.999765522355081e-25
3652,9.771102513376954e-26
3653,2.6059704310438817e-25
3654,2.113601202587502e-26
3655,7.017573456135753e-24
3656,9.5696501541691e-25
3657,3.176097642420882e-26
3658,1.893222709609172e-24
3659,3.758030584247974e-24
3660,3.0134101837119846e-24
3661,2.1669628055090536e-24
3662,1.9023214925672054e-26
3663,5.919757287345523e-26
3664,9.046706094422596e-25
3665,9.905766728637362e-25
3666,6.929820662958506e-26
3667,1.6592792091059402e-25
3668,5.5785558894357455e-25
3669,5.46665375723077e-25
3670,2.2457458784201203e-25
3671,3.673984594964265e-26
3672,4.27432546297748e-26
3673,2.2811099168887817e-25
3674,1.2989081489020593e-25
3675,4.517425879829732e-26
3676,1.773463521038966e-26
3677,4.065273945383126e-26
3678,6.448982499253843e-26
3679,3.148763700363325e-26
3680,2.2463727713415797e-26
3681,2.07169367459596e-26
3682,2.2202640683869434e-26
3683,1.8043458236137212e-26
3684,1.2802733305089976e-26
3685,8.232156066233807e-27
3686,1.1856019929074423e-26
3687,6.390632240105847e-27
3688,7.719155344985505e-27
3689,5.8863038577224025e-27
